item_id,item,engine_home,state,status,basis,rule_types,source_types,values_found,rule_ids,citations,official_links,snippet
dup.bw.rate,Copy rate — B&W page,fee_profiles:duplication.bw.rate,AL,actual_cost_or_reasonable,soft-standard,Permission,Statute,,AL-0039,"Ala. Code § 36-12-44(a)(2), § 36-12-41 (SB270, 2024 Reg. Sess.)",https://alison.legislature.state.al.us/files/pdf/SearchableInstruments/2024RS/SB270-enr.pdf,"A public officer may require the requester to pay a reasonable fee set by the public officer before the requester may receive any public records (standard request); more generally, a certified copy is furnished on paymen"
dup.bw.rate,Copy rate — B&W page,fee_profiles:duplication.bw.rate,AZ,rule_without_value,soft-standard,Permission,,,AZ-0018,Ariz. Rev. Stat. § 39-121.01(D)(1),https://www.azleg.gov/ars/39/00121-01.htm,"The custodian may charge a fee for furnishing copies, printouts or photographs if the facilities are available; the statute sets no rate."
dup.bw.rate,Copy rate — B&W page,fee_profiles:duplication.bw.rate,CA,actual_cost_or_reasonable,ceiling,Permission,,,CA-0021,Cal. Gov. Code § 7922.530(a) (Statute),https://leginfo.legislature.ca.gov/faces/codes_displaySection.xhtml?sectionNum=7922.530&lawCode=GOV,"Fees for copies of records are limited to fees covering the direct costs of duplication, or a statutory fee if one applies."
dup.bw.rate,Copy rate — B&W page,fee_profiles:duplication.bw.rate,CO,value_present,ceiling,Permission,Statute,twenty-five cents,CO-0016,C.R.S. § 24-72-205(5)(a),https://leg.colorado.gov/colorado-revised-statutes,The custodian may charge a fee not to exceed twenty-five cents per standard page for a copy of a public record.
dup.bw.rate,Copy rate — B&W page,fee_profiles:duplication.bw.rate,CT,value_present,ceiling,Calculation,,twenty-five cents,CT-0015 CT-0016,Conn. Gen. Stat. § 1-212(a)(A) | Conn. Gen. Stat. § 1-212(a)(B),https://www.cga.ct.gov/current/pub/chap_014.htm,"For all public agencies other than state offices/agencies, the fee for a copy of a public record shall not exceed fifty cents per page."
dup.bw.rate,Copy rate — B&W page,fee_profiles:duplication.bw.rate,FL,value_present,ceiling,Calculation/Definition,,15 cents | 5 cents,FL-0020 FL-0021 FL-0023,"§ 119.011(1), Fla. Stat. | § 119.07(4)(a)1., Fla. Stat. | § 119.07(4)(a)2., Fla. Stat.",https://www.flsenate.gov/Laws/Statutes/2024/119.011 https://www.flsenate.gov/Laws/Statutes/2024/119.07,"For duplicated copies of records not larger than 14 by 8.5 inches, the agency may charge up to 15 cents per one-sided copy."
dup.bw.rate,Copy rate — B&W page,fee_profiles:duplication.bw.rate,GA,value_present,ceiling,Classification/Requirement,,10 cents,GA-0018 GA-0020 GA-0021,O.C.G.A. § 50-18-71(c)(1) | O.C.G.A. § 50-18-71(c)(2),https://georgialibraries.org/librarylaws/Georgia%20Open%20Records%20Act%20(O.C.G.A.%20%C2%A7%C2%A7%2050-18-70%20through%2050-18-74).pdf,"In addition to labor charges, an agency may charge for copying, not to exceed 10 cents per page for letter or legal size documents, or the actual cost of producing the copy for other document types."
dup.bw.rate,Copy rate — B&W page,fee_profiles:duplication.bw.rate,ID,actual_cost_or_reasonable,ceiling,Calculation,,,ID-0019 ID-0022,Idaho Code § 74-102(10) | Idaho Code § 74-102(10)(c),https://legislature.idaho.gov/statutesrules/idstat/Title74/T74CH1/SECT74-102/,The fee charged to a resident may not exceed the actual cost to the agency of copying the record.
dup.bw.rate,Copy rate — B&W page,fee_profiles:duplication.bw.rate,IL,value_present,ceiling,Calculation,,15 cents,IL-0028,5 ILCS 140/6(b),https://www.ilga.gov/documents/legislation/ilcs/documents/000501400K6.htm,"The fee for black-and-white, letter- or legal-sized copies (after the free 50) may not exceed 15 cents per page."
dup.bw.rate,Copy rate — B&W page,fee_profiles:duplication.bw.rate,IN,value_present,ceiling,Calculation/Requirement,,$0.10 | $0.25 | ten cents | twenty-five cents,IN-0015 IN-0019,Ind. Code § 5-14-3-8(b)-(d) | Ind. Code § 5-14-3-8(d),https://iga.in.gov/laws/2025/ic/titles/5#5-14-3-8,"The fee for copying documents may not exceed the greater of ten cents ($0.10) per non-color page or twenty-five cents ($0.25) per color page, or the agency's actual cost."
dup.bw.rate,Copy rate — B&W page,fee_profiles:duplication.bw.rate,KS,actual_cost_or_reasonable,ceiling,Calculation/Permission/Requirement,Statute,,KS-0034 KS-0037 KS-0040 KS-0033,K.S.A. 45-219(b) | K.S.A. 45-219(c) | K.S.A. 45-219(c)(1) | K.S.A. 45-219(c)(3),https://ksrevisor.gov/statutes/chapters/ch45/045_002_0019.html,"Fees for copies shall not exceed the actual cost of furnishing the requested records, including the cost of staff time required to make the information available."
dup.bw.rate,Copy rate — B&W page,fee_profiles:duplication.bw.rate,LA,defers_to_city,soft-standard,Permission/Requirement,Statute,,LA-0021 LA-0022 LA-0026,La. R.S. 44:32(C)(1)(a) | La. R.S. 44:32(C)(2)(a),https://www.legis.la.gov/Legis/Law.aspx?d=99691,The custodian may establish and collect reasonable fees for making copies of public records.
dup.bw.rate,Copy rate — B&W page,fee_profiles:duplication.bw.rate,MA,value_present,ceiling,Calculation/Permission,Statute,5 cents,MA-0030 MA-0029,"M.G.L. c. 66, § 10(d) | M.G.L. c. 66, § 10(d)(i)",https://malegislature.gov/Laws/GeneralLaws/PartI/TitleX/Chapter66/Section10,"The fee for standard black-and-white paper copies or printouts shall not exceed 5 cents per page, for both single- and double-sided copies."
dup.bw.rate,Copy rate — B&W page,fee_profiles:duplication.bw.rate,MI,value_present,ceiling,Calculation/Requirement,,10 cents,MI-0038 MI-0033 MI-0049,Mich. Comp. Laws § 15.234(1) | Mich. Comp. Laws § 15.234(1)(d) | Mich. Comp. Laws § 15.234(4),https://www.legislature.mi.gov/Laws/MCL?objectName=MCL-15-234,"The charge for paper copies must not exceed 10 cents per sheet for copies made on 8.5x11 or 8.5x14 paper, calculated as a total cost per sheet."
dup.bw.rate,Copy rate — B&W page,fee_profiles:duplication.bw.rate,MN,value_present,ceiling,Calculation/Permission,,25 cents,MN-0009 MN-0010,"Minn. Stat. § 13.03, subd. 3(c) | Minn. Stat. § 13.04, subd. 3",https://www.revisor.mn.gov/statutes/cite/13.03 https://www.revisor.mn.gov/statutes/cite/13.04,"For requests of 100 or fewer black-and-white letter/legal-size paper copies, actual costs may not be used; the entity may charge no more than 25 cents per page copied."
dup.bw.rate,Copy rate — B&W page,fee_profiles:duplication.bw.rate,MO,value_present,ceiling,Calculation/Requirement,,ten cents,MO-0018 MO-0021,"§ 610.026.1(1), RSMo",https://revisor.mo.gov/main/OneSection.aspx?section=610.026,Fees for copying public records provided in paper form shall not exceed ten cents per page for a paper copy not larger than nine by fourteen inches.
dup.bw.rate,Copy rate — B&W page,fee_profiles:duplication.bw.rate,NC,actual_cost_or_reasonable,ceiling,Requirement,Statute,,NC-0019,N.C. Gen. Stat. § 132-6.2(b),https://www.ncleg.gov/EnactedLegislation/Statutes/HTML/BySection/Chapter_132/GS_132-6.2.html,An agency may not charge a fee for an uncertified copy of a public record that exceeds the actual cost to the agency of making the copy.
dup.bw.rate,Copy rate — B&W page,fee_profiles:duplication.bw.rate,NE,rule_without_value,ceiling,Calculation,Statute,,NE-0019,Neb. Rev. Stat. § 84-712(1),https://nebraskalegislature.gov/laws/statutes.php?statute=84-712,"A custodian may charge a fee for providing copies, but the fee shall not exceed the actual added cost of making the copies available."
dup.bw.rate,Copy rate — B&W page,fee_profiles:duplication.bw.rate,NJ,silent,,,,,,,,
dup.bw.rate,Copy rate — B&W page,fee_profiles:duplication.bw.rate,NV,delegated_to_regulation_or_schedule,ceiling,Definition/Permission,,,NV-0020 NV-0021,Nev. Rev. Stat. § 239.005(1) | Nev. Rev. Stat. § 239.052(1),https://www.leg.state.nv.us/nrs/nrs-239.html,"A governmental entity may charge a fee for a copy, but the fee must not exceed the actual cost to provide the copy unless a specific statute or regulation sets the fee."
dup.bw.rate,Copy rate — B&W page,fee_profiles:duplication.bw.rate,NY,value_present,ceiling,Calculation,Statute,25 cents | twenty-five cents,NY-0024 NY-0025 NY-0030,N.Y. Pub. Off. Law § 87(1)(b)(iii)(1) | N.Y. Pub. Off. Law § 87(1)(c)(iii),https://www.nysenate.gov/legislation/laws/PBO/87,"Fees for paper copies shall not exceed 25 cents per photocopy not exceeding 9 by 14 inches, unless a different fee is prescribed by statute."
dup.bw.rate,Copy rate — B&W page,fee_profiles:duplication.bw.rate,OH,actual_cost_or_reasonable,ceiling,Calculation,Statute,,OH-0018,Ohio Rev. Code § 149.43(B)(1),https://codes.ohio.gov/ohio-revised-code/section-149.43,Copies of public records shall be made available 'at cost' — the office may not charge more than its actual cost of making the copy.
dup.bw.rate,Copy rate — B&W page,fee_profiles:duplication.bw.rate,OK,value_present,ceiling,Calculation/Permission/Requirement,,$0.25 | twenty-five cents,OK-0017 OK-0016 OK-0021 OK-0024,"Okla. Stat. tit. 51, § 24A.5(4)",https://www.oscn.net/applications/oscn/deliverdocument.asp?citeid=80292,The record copying fee may not exceed twenty-five cents ($0.25) per page for records 8.5 by 14 inches or smaller.
dup.bw.rate,Copy rate — B&W page,fee_profiles:duplication.bw.rate,OR,actual_cost_or_reasonable,soft-standard,Permission,,,OR-0020,Or. Rev. Stat. § 192.324(4)(a),https://www.oregonlegislature.gov/bills_laws/ors/ors192.html,"A public body may establish fees reasonably calculated to reimburse it for its actual cost of making public records available, including costs for summarizing, compiling or tailoring the records in organization or media "
dup.bw.rate,Copy rate — B&W page,fee_profiles:duplication.bw.rate,PA,value_present,ceiling,Calculation,Official Guidance/Statute,$0.20 | $0.25 | 14 page,PA-0040 PA-0039,"65 P.S. § 67.1307(b) | OOR Official RTKL Fee Schedule (adopted Dec. 30, 2024), issued under 65 P.S. § 67.1307(b)",https://www.legis.state.pa.us/WU01/LI/LI/US/HTM/2008/0/0003..HTM https://www.openrecords.pa.gov/Documents/RTKL/Official_RTKL_Fee_Schedule.pdf,"Under the OOR Official RTKL Fee Schedule, an agency may charge up to $0.25 per copy for black-and-white photocopies (8.5x11 or 8.5x14), reduced to $0.20 per copy beyond the first 1,000 copies."
dup.bw.rate,Copy rate — B&W page,fee_profiles:duplication.bw.rate,SC,rule_without_value,ceiling,Requirement,,,SC-0009 SC-0014 SC-0010 SC-0017,S.C. Code Ann. § 30-4-30(B),https://www.scstatehouse.gov/code/t30c004.php,Fees for copies may not exceed the prevailing commercial rate for the producing of copies.
dup.bw.rate,Copy rate — B&W page,fee_profiles:duplication.bw.rate,TN,value_present,ceiling,Calculation/Permission/Requirement,Official Guidance/Statute,$0.15 | $0.50 | 15 cents | 50 cents,TN-0029 TN-0019 TN-0031 TN-0050,OORC Schedule of Reasonable Charges § II.A | OORC Schedule of Reasonable Charges § II.C | OORC Schedule of Reasonable Charges § III.A | Tenn. Code Ann. § 10-7-503(a)(7)(B),https://www.comptroller.tn.gov/content/dam/cot/orc/documents/oorc/policies-and-guidelines/ScheduleofReasonableCharges.pdf https://www.mtas.tennessee.edu/reference/tennessee-public-records-statutes,"For each standard 8.5x11 or 8.5x14 black-and-white copy produced, a records custodian may assess a per-page charge of up to 15 cents ($0.15)."
dup.bw.rate,Copy rate — B&W page,fee_profiles:duplication.bw.rate,TX,value_present+delegation,soft-standard,Calculation,Statute,25%,TX-0025 TX-0027,"Tex. Gov't Code § 552.261(a) | Tex. Gov't Code § 552.262(a), (c)",https://statutes.capitol.texas.gov/Docs/GV/htm/GV.552.htm#552.261 https://statutes.capitol.texas.gov/Docs/GV/htm/GV.552.htm#552.262,"The copy charge must be an amount that reasonably includes all costs related to reproducing the information, including materials, labor, and overhead."
dup.bw.rate,Copy rate — B&W page,fee_profiles:duplication.bw.rate,UT,defers_to_city,ceiling,Calculation/Permission/Requirement,Statute,,UT-0028 UT-0029 UT-0030,Utah Code § 63G-2-203(1) | Utah Code § 63G-2-203(2)(a) | Utah Code § 63G-2-203(3)(c),https://le.utah.gov/xcode/Title63G/Chapter2/63G-2-S203.html,An entity may charge a reasonable fee to cover its actual cost of providing a record; the fee must be approved by the entity's executive officer.
dup.bw.rate,Copy rate — B&W page,fee_profiles:duplication.bw.rate,VA,actual_cost_or_reasonable,ceiling,Permission/Requirement,,,VA-0021 VA-0022 VA-0024,Va. Code § 2.2-3704(F),https://law.lis.virginia.gov/vacode/title2.2/chapter37/section2.2-3704/,"A public body may make reasonable charges not to exceed its actual cost incurred in accessing, duplicating, supplying, or searching for the requested records."
dup.bw.rate,Copy rate — B&W page,fee_profiles:duplication.bw.rate,WA,value_present,ceiling,Calculation/Permission/Prohibition,,Fifteen cents | Ten cents | fifteen cents | ten cents,WA-0021 WA-0022 WA-0020 WA-0027 WA-0028 WA-0025,RCW 42.56.070(7)(b) | RCW 42.56.070(7); RCW 42.56.120(2)(a) | RCW 42.56.120(1) | RCW 42.56.120(2)(b)(i),https://app.leg.wa.gov/RCW/default.aspx?cite=42.56.070 https://app.leg.wa.gov/RCW/default.aspx?cite=42.56.120,"Absent a published actual-cost calculation, the agency may charge up to fifteen cents per page for photocopies or printed copies of electronic records."
dup.bw.rate,Copy rate — B&W page,fee_profiles:duplication.bw.rate,WI,value_present,ceiling,Permission,Statute,$50,WI-0035 WI-0037 WI-0040,Wis. Stat. § 19.35(3)(a) | Wis. Stat. § 19.35(3)(c) | Wis. Stat. § 19.35(3)(g),https://docs.legis.wisconsin.gov/statutes/statutes/19/ii/35,"An authority may impose a fee for a copy of a record not exceeding the actual, necessary and direct cost of reproduction and transcription, unless a fee is otherwise specifically established or authorized by law."
dup.color.rate,Copy rate — color page,fee_profiles:duplication.color.rate,AL,silent,,,,,,,,
dup.color.rate,Copy rate — color page,fee_profiles:duplication.color.rate,AZ,rule_without_value,soft-standard,Permission,,,AZ-0018,Ariz. Rev. Stat. § 39-121.01(D)(1),https://www.azleg.gov/ars/39/00121-01.htm,"The custodian may charge a fee for furnishing copies, printouts or photographs if the facilities are available; the statute sets no rate."
dup.color.rate,Copy rate — color page,fee_profiles:duplication.color.rate,CA,silent,,,,,,,,
dup.color.rate,Copy rate — color page,fee_profiles:duplication.color.rate,CO,value_present,ceiling,Permission,Statute,twenty-five cents,CO-0016 CO-0017,C.R.S. § 24-72-205(5)(a),https://leg.colorado.gov/colorado-revised-statutes,The custodian may charge a fee not to exceed twenty-five cents per standard page for a copy of a public record.
dup.color.rate,Copy rate — color page,fee_profiles:duplication.color.rate,CT,value_present,ceiling,Calculation,,twenty-five cents,CT-0015 CT-0016 CT-0017,Conn. Gen. Stat. § 1-212(a) | Conn. Gen. Stat. § 1-212(a)(A) | Conn. Gen. Stat. § 1-212(a)(B),https://www.cga.ct.gov/current/pub/chap_014.htm,"For all public agencies other than state offices/agencies, the fee for a copy of a public record shall not exceed fifty cents per page."
dup.color.rate,Copy rate — color page,fee_profiles:duplication.color.rate,FL,value_present,ceiling,Calculation,,15 cents | 5 cents,FL-0020 FL-0021 FL-0022 FL-0026 FL-0027,"§ 119.07(4)(a)1., Fla. Stat. | § 119.07(4)(a)2., Fla. Stat. | § 119.07(4)(a)3., Fla. Stat. | § 119.07(4)(e)1., Fla. Stat.",https://www.flsenate.gov/Laws/Statutes/2024/119.07,"For duplicated copies of records not larger than 14 by 8.5 inches, the agency may charge up to 15 cents per one-sided copy."
dup.color.rate,Copy rate — color page,fee_profiles:duplication.color.rate,GA,value_present,ceiling,Requirement,,10 cents,GA-0018,O.C.G.A. § 50-18-71(c)(2),https://georgialibraries.org/librarylaws/Georgia%20Open%20Records%20Act%20(O.C.G.A.%20%C2%A7%C2%A7%2050-18-70%20through%2050-18-74).pdf,"In addition to labor charges, an agency may charge for copying, not to exceed 10 cents per page for letter or legal size documents, or the actual cost of producing the copy for other document types."
dup.color.rate,Copy rate — color page,fee_profiles:duplication.color.rate,ID,silent,,,,,,,,
dup.color.rate,Copy rate — color page,fee_profiles:duplication.color.rate,IL,value_present,ceiling,Calculation,,15 cents,IL-0028 IL-0029,5 ILCS 140/6(b),https://www.ilga.gov/documents/legislation/ilcs/documents/000501400K6.htm,"The fee for black-and-white, letter- or legal-sized copies (after the free 50) may not exceed 15 cents per page."
dup.color.rate,Copy rate — color page,fee_profiles:duplication.color.rate,IN,value_present,ceiling,Calculation,,$0.10 | $0.25 | ten cents | twenty-five cents,IN-0015,Ind. Code § 5-14-3-8(b)-(d),https://iga.in.gov/laws/2025/ic/titles/5#5-14-3-8,"The fee for copying documents may not exceed the greater of ten cents ($0.10) per non-color page or twenty-five cents ($0.25) per color page, or the agency's actual cost."
dup.color.rate,Copy rate — color page,fee_profiles:duplication.color.rate,KS,silent,,,,,,,,
dup.color.rate,Copy rate — color page,fee_profiles:duplication.color.rate,LA,defers_to_city,soft-standard,Permission,Statute,,LA-0021,La. R.S. 44:32(C)(1)(a),https://www.legis.la.gov/Legis/Law.aspx?d=99691,The custodian may establish and collect reasonable fees for making copies of public records.
dup.color.rate,Copy rate — color page,fee_profiles:duplication.color.rate,MA,value_present,ceiling,Calculation,Statute,5 cents,MA-0030,"M.G.L. c. 66, § 10(d)(i)",https://malegislature.gov/Laws/GeneralLaws/PartI/TitleX/Chapter66/Section10,"The fee for standard black-and-white paper copies or printouts shall not exceed 5 cents per page, for both single- and double-sided copies."
dup.color.rate,Copy rate — color page,fee_profiles:duplication.color.rate,MI,value_present,ceiling,Calculation,,10 cents,MI-0038,Mich. Comp. Laws § 15.234(1)(d),https://www.legislature.mi.gov/Laws/MCL?objectName=MCL-15-234,"The charge for paper copies must not exceed 10 cents per sheet for copies made on 8.5x11 or 8.5x14 paper, calculated as a total cost per sheet."
dup.color.rate,Copy rate — color page,fee_profiles:duplication.color.rate,MN,value_present,ceiling,Calculation/Permission,,25 cents,MN-0009 MN-0010,"Minn. Stat. § 13.03, subd. 3(c) | Minn. Stat. § 13.04, subd. 3",https://www.revisor.mn.gov/statutes/cite/13.03 https://www.revisor.mn.gov/statutes/cite/13.04,"For requests of 100 or fewer black-and-white letter/legal-size paper copies, actual costs may not be used; the entity may charge no more than 25 cents per page copied."
dup.color.rate,Copy rate — color page,fee_profiles:duplication.color.rate,MO,value_present,ceiling,Calculation,,ten cents,MO-0018,"§ 610.026.1(1), RSMo",https://revisor.mo.gov/main/OneSection.aspx?section=610.026,Fees for copying public records provided in paper form shall not exceed ten cents per page for a paper copy not larger than nine by fourteen inches.
dup.color.rate,Copy rate — color page,fee_profiles:duplication.color.rate,NC,silent,,,,,,,,
dup.color.rate,Copy rate — color page,fee_profiles:duplication.color.rate,NE,silent,,,,,,,,
dup.color.rate,Copy rate — color page,fee_profiles:duplication.color.rate,NJ,silent,,,,,,,,
dup.color.rate,Copy rate — color page,fee_profiles:duplication.color.rate,NV,value_present+delegation,ceiling,Calculation/Permission,,50 cents,NV-0020 NV-0024 NV-0025,Nev. Rev. Stat. § 239.052(1) | Nev. Rev. Stat. § 239.052(4) | Nev. Rev. Stat. § 239.053(1),https://www.leg.state.nv.us/nrs/nrs-239.html,"A governmental entity may charge a fee for a copy, but the fee must not exceed the actual cost to provide the copy unless a specific statute or regulation sets the fee."
dup.color.rate,Copy rate — color page,fee_profiles:duplication.color.rate,NY,value_present,ceiling,Calculation,Statute,25 cents | twenty-five cents,NY-0024,N.Y. Pub. Off. Law § 87(1)(b)(iii)(1),https://www.nysenate.gov/legislation/laws/PBO/87,"Fees for paper copies shall not exceed 25 cents per photocopy not exceeding 9 by 14 inches, unless a different fee is prescribed by statute."
dup.color.rate,Copy rate — color page,fee_profiles:duplication.color.rate,OH,value_present,ceiling,Calculation,Statute,$75 | $750 | five dollars,OH-0018 OH-0019,Ohio Rev. Code § 149.43(B)(1),https://codes.ohio.gov/ohio-revised-code/section-149.43,Copies of public records shall be made available 'at cost' — the office may not charge more than its actual cost of making the copy.
dup.color.rate,Copy rate — color page,fee_profiles:duplication.color.rate,OK,value_present,ceiling,Calculation,,$0.25 | twenty-five cents,OK-0017,"Okla. Stat. tit. 51, § 24A.5(4)",https://www.oscn.net/applications/oscn/deliverdocument.asp?citeid=80292,The record copying fee may not exceed twenty-five cents ($0.25) per page for records 8.5 by 14 inches or smaller.
dup.color.rate,Copy rate — color page,fee_profiles:duplication.color.rate,OR,silent,,,,,,,,
dup.color.rate,Copy rate — color page,fee_profiles:duplication.color.rate,PA,value_present,ceiling,Calculation,Official Guidance,$0.20 | $0.25 | 14 page,PA-0040,"OOR Official RTKL Fee Schedule (adopted Dec. 30, 2024), issued under 65 P.S. § 67.1307(b)",https://www.openrecords.pa.gov/Documents/RTKL/Official_RTKL_Fee_Schedule.pdf,"Under the OOR Official RTKL Fee Schedule, an agency may charge up to $0.25 per copy for black-and-white photocopies (8.5x11 or 8.5x14), reduced to $0.20 per copy beyond the first 1,000 copies."
dup.color.rate,Copy rate — color page,fee_profiles:duplication.color.rate,SC,rule_without_value,ceiling,Requirement,,,SC-0009,S.C. Code Ann. § 30-4-30(B),https://www.scstatehouse.gov/code/t30c004.php,Fees for copies may not exceed the prevailing commercial rate for the producing of copies.
dup.color.rate,Copy rate — color page,fee_profiles:duplication.color.rate,TN,value_present,ceiling,Calculation,Official Guidance,$0.15 | $0.50 | 15 cents | 50 cents,TN-0029 TN-0030,OORC Schedule of Reasonable Charges § II.A,https://www.comptroller.tn.gov/content/dam/cot/orc/documents/oorc/policies-and-guidelines/ScheduleofReasonableCharges.pdf,"For each standard 8.5x11 or 8.5x14 black-and-white copy produced, a records custodian may assess a per-page charge of up to 15 cents ($0.15)."
dup.color.rate,Copy rate — color page,fee_profiles:duplication.color.rate,TX,rule_without_value,soft-standard,Calculation,Statute,,TX-0025,Tex. Gov't Code § 552.261(a),https://statutes.capitol.texas.gov/Docs/GV/htm/GV.552.htm#552.261,"The copy charge must be an amount that reasonably includes all costs related to reproducing the information, including materials, labor, and overhead."
dup.color.rate,Copy rate — color page,fee_profiles:duplication.color.rate,UT,silent,,,,,,,,
dup.color.rate,Copy rate — color page,fee_profiles:duplication.color.rate,VA,silent,,,,,,,,
dup.color.rate,Copy rate — color page,fee_profiles:duplication.color.rate,WA,value_present,ceiling,Calculation,,Fifteen cents | Ten cents | fifteen cents | ten cents,WA-0021 WA-0022,RCW 42.56.120(2)(b)(i) | RCW 42.56.120(2)(b)(ii),https://app.leg.wa.gov/RCW/default.aspx?cite=42.56.120,"Absent a published actual-cost calculation, the agency may charge up to fifteen cents per page for photocopies or printed copies of electronic records."
dup.color.rate,Copy rate — color page,fee_profiles:duplication.color.rate,WI,actual_cost_or_reasonable,ceiling,Permission,Statute,,WI-0035 WI-0036,Wis. Stat. § 19.35(3)(a) | Wis. Stat. § 19.35(3)(b),https://docs.legis.wisconsin.gov/statutes/statutes/19/ii/35,"An authority may impose a fee for a copy of a record not exceeding the actual, necessary and direct cost of reproduction and transcription, unless a fee is otherwise specifically established or authorized by law."
dup.oversized.rate,Copy rate — oversized / nonstandard page,fee_profiles:duplication.oversized.rate,AL,silent,,,,,,,,
dup.oversized.rate,Copy rate — oversized / nonstandard page,fee_profiles:duplication.oversized.rate,AZ,silent,,,,,,,,
dup.oversized.rate,Copy rate — oversized / nonstandard page,fee_profiles:duplication.oversized.rate,CA,silent,,,,,,,,
dup.oversized.rate,Copy rate — oversized / nonstandard page,fee_profiles:duplication.oversized.rate,CO,actual_cost_or_reasonable,ceiling,Permission,Statute,,CO-0017,C.R.S. § 24-72-205(5)(a),https://leg.colorado.gov/colorado-revised-statutes,"For a copy, printout, or photograph in a format other than a standard page, the custodian may charge a fee not to exceed the actual cost of providing it."
dup.oversized.rate,Copy rate — oversized / nonstandard page,fee_profiles:duplication.oversized.rate,CT,rule_without_value,ceiling,Calculation,,,CT-0017,Conn. Gen. Stat. § 1-212(a),https://www.cga.ct.gov/current/pub/chap_014.htm,"Where a copy requires a transcription, or a person requests a transcription of a public record, the transcription fee shall not exceed the agency's cost."
dup.oversized.rate,Copy rate — oversized / nonstandard page,fee_profiles:duplication.oversized.rate,FL,actual_cost_or_reasonable,fixed,Calculation,,,FL-0022 FL-0026 FL-0027,"§ 119.07(4)(a)3., Fla. Stat. | § 119.07(4)(e)1., Fla. Stat. | § 119.07(4)(e)2., Fla. Stat.",https://www.flsenate.gov/Laws/Statutes/2024/119.07,"For all copies other than standard-size paper copies, the agency charges the actual cost of duplication of the public record."
dup.oversized.rate,Copy rate — oversized / nonstandard page,fee_profiles:duplication.oversized.rate,GA,silent,,,,,,,,
dup.oversized.rate,Copy rate — oversized / nonstandard page,fee_profiles:duplication.oversized.rate,ID,silent,,,,,,,,
dup.oversized.rate,Copy rate — oversized / nonstandard page,fee_profiles:duplication.oversized.rate,IL,actual_cost_or_reasonable,ceiling,Calculation,,,IL-0029,5 ILCS 140/6(b),https://www.ilga.gov/documents/legislation/ilcs/documents/000501400K6.htm,"For copies in color or in a size other than letter/legal, a public body may not charge more than its actual cost of reproduction."
dup.oversized.rate,Copy rate — oversized / nonstandard page,fee_profiles:duplication.oversized.rate,IN,silent,,,,,,,,
dup.oversized.rate,Copy rate — oversized / nonstandard page,fee_profiles:duplication.oversized.rate,KS,silent,,,,,,,,
dup.oversized.rate,Copy rate — oversized / nonstandard page,fee_profiles:duplication.oversized.rate,LA,silent,,,,,,,,
dup.oversized.rate,Copy rate — oversized / nonstandard page,fee_profiles:duplication.oversized.rate,MA,silent,,,,,,,,
dup.oversized.rate,Copy rate — oversized / nonstandard page,fee_profiles:duplication.oversized.rate,MI,silent,,,,,,,,
dup.oversized.rate,Copy rate — oversized / nonstandard page,fee_profiles:duplication.oversized.rate,MN,silent,,,,,,,,
dup.oversized.rate,Copy rate — oversized / nonstandard page,fee_profiles:duplication.oversized.rate,MO,silent,,,,,,,,
dup.oversized.rate,Copy rate — oversized / nonstandard page,fee_profiles:duplication.oversized.rate,NC,silent,,,,,,,,
dup.oversized.rate,Copy rate — oversized / nonstandard page,fee_profiles:duplication.oversized.rate,NE,silent,,,,,,,,
dup.oversized.rate,Copy rate — oversized / nonstandard page,fee_profiles:duplication.oversized.rate,NJ,silent,,,,,,,,
dup.oversized.rate,Copy rate — oversized / nonstandard page,fee_profiles:duplication.oversized.rate,NV,value_present,ceiling,Calculation,,50 cents,NV-0024 NV-0025,Nev. Rev. Stat. § 239.052(4) | Nev. Rev. Stat. § 239.053(1),https://www.leg.state.nv.us/nrs/nrs-239.html,The fee for a copy of a record in the custody of a governmental law library must not exceed 50 cents per page.
dup.oversized.rate,Copy rate — oversized / nonstandard page,fee_profiles:duplication.oversized.rate,NY,silent,,,,,,,,
dup.oversized.rate,Copy rate — oversized / nonstandard page,fee_profiles:duplication.oversized.rate,OH,value_present,ceiling,Calculation,Statute,$75 | $750 | five dollars,OH-0019,Ohio Rev. Code § 149.43(B)(1),https://codes.ohio.gov/ohio-revised-code/section-149.43,"A law enforcement agency or prosecuting attorney's office may charge the actual cost of preparing a video record, not to exceed $75 per hour of video produced and not to exceed $750 total."
dup.oversized.rate,Copy rate — oversized / nonstandard page,fee_profiles:duplication.oversized.rate,OK,silent,,,,,,,,
dup.oversized.rate,Copy rate — oversized / nonstandard page,fee_profiles:duplication.oversized.rate,OR,silent,,,,,,,,
dup.oversized.rate,Copy rate — oversized / nonstandard page,fee_profiles:duplication.oversized.rate,PA,silent,,,,,,,,
dup.oversized.rate,Copy rate — oversized / nonstandard page,fee_profiles:duplication.oversized.rate,SC,silent,,,,,,,,
dup.oversized.rate,Copy rate — oversized / nonstandard page,fee_profiles:duplication.oversized.rate,TN,value_present,ceiling,Calculation,Official Guidance,$0.50 | 50 cents,TN-0030,OORC Schedule of Reasonable Charges § II.A,https://www.comptroller.tn.gov/content/dam/cot/orc/documents/oorc/policies-and-guidelines/ScheduleofReasonableCharges.pdf,"For each standard 8.5x11 or 8.5x14 color copy produced, a records custodian may assess a per-page charge of up to 50 cents ($0.50)."
dup.oversized.rate,Copy rate — oversized / nonstandard page,fee_profiles:duplication.oversized.rate,TX,silent,,,,,,,,
dup.oversized.rate,Copy rate — oversized / nonstandard page,fee_profiles:duplication.oversized.rate,UT,silent,,,,,,,,
dup.oversized.rate,Copy rate — oversized / nonstandard page,fee_profiles:duplication.oversized.rate,VA,silent,,,,,,,,
dup.oversized.rate,Copy rate — oversized / nonstandard page,fee_profiles:duplication.oversized.rate,WA,silent,,,,,,,,
dup.oversized.rate,Copy rate — oversized / nonstandard page,fee_profiles:duplication.oversized.rate,WI,actual_cost_or_reasonable,ceiling,Permission,Statute,,WI-0036,Wis. Stat. § 19.35(3)(b),https://docs.legis.wisconsin.gov/statutes/statutes/19/ii/35,"Where an authority provides a photograph of a record whose form does not permit copying, it may impose a fee not exceeding the actual, necessary and direct cost of photographing and photographic processing."
dup.specialty.rate,"Specialty reproduction (photos, maps, transcripts)",fee_profiles:duplication.specialty.rate,AL,silent,,,,,,,,
dup.specialty.rate,"Specialty reproduction (photos, maps, transcripts)",fee_profiles:duplication.specialty.rate,AZ,silent,,,,,,,,
dup.specialty.rate,"Specialty reproduction (photos, maps, transcripts)",fee_profiles:duplication.specialty.rate,CA,silent,,,,,,,,
dup.specialty.rate,"Specialty reproduction (photos, maps, transcripts)",fee_profiles:duplication.specialty.rate,CO,actual_cost_or_reasonable,ceiling,Permission,Statute,,CO-0017,C.R.S. § 24-72-205(5)(a),https://leg.colorado.gov/colorado-revised-statutes,"For a copy, printout, or photograph in a format other than a standard page, the custodian may charge a fee not to exceed the actual cost of providing it."
dup.specialty.rate,"Specialty reproduction (photos, maps, transcripts)",fee_profiles:duplication.specialty.rate,CT,rule_without_value,ceiling,Calculation,,,CT-0017,Conn. Gen. Stat. § 1-212(a),https://www.cga.ct.gov/current/pub/chap_014.htm,"Where a copy requires a transcription, or a person requests a transcription of a public record, the transcription fee shall not exceed the agency's cost."
dup.specialty.rate,"Specialty reproduction (photos, maps, transcripts)",fee_profiles:duplication.specialty.rate,FL,actual_cost_or_reasonable,fixed,Calculation,,,FL-0022 FL-0026 FL-0027 FL-0025,"§ 119.07(4)(a)3., Fla. Stat. | § 119.07(4)(d), Fla. Stat. | § 119.07(4)(e)1., Fla. Stat. | § 119.07(4)(e)2., Fla. Stat.",https://www.flsenate.gov/Laws/Statutes/2024/119.07,"For all copies other than standard-size paper copies, the agency charges the actual cost of duplication of the public record."
dup.specialty.rate,"Specialty reproduction (photos, maps, transcripts)",fee_profiles:duplication.specialty.rate,GA,silent,,,,,,,,
dup.specialty.rate,"Specialty reproduction (photos, maps, transcripts)",fee_profiles:duplication.specialty.rate,ID,silent,,,,,,,,
dup.specialty.rate,"Specialty reproduction (photos, maps, transcripts)",fee_profiles:duplication.specialty.rate,IL,value_present,ceiling,Calculation,,$100 | $20 | $40,IL-0029 IL-0038,5 ILCS 140/6(a-5) | 5 ILCS 140/6(b),https://www.ilga.gov/documents/legislation/ilcs/documents/000501400K6.htm,"For copies in color or in a size other than letter/legal, a public body may not charge more than its actual cost of reproduction."
dup.specialty.rate,"Specialty reproduction (photos, maps, transcripts)",fee_profiles:duplication.specialty.rate,IN,actual_cost_or_reasonable,soft-standard,Permission,,,IN-0018,Ind. Code § 5-14-3-8(h),https://iga.in.gov/laws/2025/ic/titles/5#5-14-3-8,An agency may charge any reasonable fee agreed on in an enhanced-access contract under section 3.5 for providing enhanced access to public records.
dup.specialty.rate,"Specialty reproduction (photos, maps, transcripts)",fee_profiles:duplication.specialty.rate,KS,silent,,,,,,,,
dup.specialty.rate,"Specialty reproduction (photos, maps, transcripts)",fee_profiles:duplication.specialty.rate,LA,silent,,,,,,,,
dup.specialty.rate,"Specialty reproduction (photos, maps, transcripts)",fee_profiles:duplication.specialty.rate,MA,silent,,,,,,,,
dup.specialty.rate,"Specialty reproduction (photos, maps, transcripts)",fee_profiles:duplication.specialty.rate,MI,silent,,,,,,,,
dup.specialty.rate,"Specialty reproduction (photos, maps, transcripts)",fee_profiles:duplication.specialty.rate,MN,silent,,,,,,,,
dup.specialty.rate,"Specialty reproduction (photos, maps, transcripts)",fee_profiles:duplication.specialty.rate,MO,silent,,,,,,,,
dup.specialty.rate,"Specialty reproduction (photos, maps, transcripts)",fee_profiles:duplication.specialty.rate,NC,delegated_to_regulation_or_schedule,soft-standard,Permission,Statute,,NC-0021 NC-0029,N.C. Gen. Stat. § 132-6.2(b) | N.C. Gen. Stat. § 132-6.2(e),https://www.ncleg.gov/EnactedLegislation/Statutes/HTML/BySection/Chapter_132/GS_132-6.2.html,"Where a request requires extensive use of information technology resources or extensive clerical/supervisory assistance, the agency may charge a reasonable special service charge (based on actual cost) in addition to dup"
dup.specialty.rate,"Specialty reproduction (photos, maps, transcripts)",fee_profiles:duplication.specialty.rate,NE,silent,,,,,,,,
dup.specialty.rate,"Specialty reproduction (photos, maps, transcripts)",fee_profiles:duplication.specialty.rate,NJ,silent,,,,,,,,
dup.specialty.rate,"Specialty reproduction (photos, maps, transcripts)",fee_profiles:duplication.specialty.rate,NV,value_present,ceiling,Calculation,,50 cents,NV-0024 NV-0025,Nev. Rev. Stat. § 239.052(4) | Nev. Rev. Stat. § 239.053(1),https://www.leg.state.nv.us/nrs/nrs-239.html,The fee for a copy of a record in the custody of a governmental law library must not exceed 50 cents per page.
dup.specialty.rate,"Specialty reproduction (photos, maps, transcripts)",fee_profiles:duplication.specialty.rate,NY,silent,,,,,,,,
dup.specialty.rate,"Specialty reproduction (photos, maps, transcripts)",fee_profiles:duplication.specialty.rate,OH,value_present,ceiling,Calculation,Statute,$75 | $750 | five dollars,OH-0019,Ohio Rev. Code § 149.43(B)(1),https://codes.ohio.gov/ohio-revised-code/section-149.43,"A law enforcement agency or prosecuting attorney's office may charge the actual cost of preparing a video record, not to exceed $75 per hour of video produced and not to exceed $750 total."
dup.specialty.rate,"Specialty reproduction (photos, maps, transcripts)",fee_profiles:duplication.specialty.rate,OK,silent,,,,,,,,
dup.specialty.rate,"Specialty reproduction (photos, maps, transcripts)",fee_profiles:duplication.specialty.rate,OR,silent,,,,,,,,
dup.specialty.rate,"Specialty reproduction (photos, maps, transcripts)",fee_profiles:duplication.specialty.rate,PA,defers_to_city,soft-standard,Permission,Statute,,PA-0045,65 P.S. § 67.1307(e),https://www.legis.state.pa.us/WU01/LI/LI/US/HTM/2008/0/0003..HTM,"If an agency offers enhanced electronic access to records in addition to the inspection-and-duplication access required by the act, it may establish user fees specifically for the provision of that enhanced electronic ac"
dup.specialty.rate,"Specialty reproduction (photos, maps, transcripts)",fee_profiles:duplication.specialty.rate,SC,silent,,,,,,,,
dup.specialty.rate,"Specialty reproduction (photos, maps, transcripts)",fee_profiles:duplication.specialty.rate,TN,value_present,ceiling,Calculation,Official Guidance,$0.50 | 50 cents,TN-0030,OORC Schedule of Reasonable Charges § II.A,https://www.comptroller.tn.gov/content/dam/cot/orc/documents/oorc/policies-and-guidelines/ScheduleofReasonableCharges.pdf,"For each standard 8.5x11 or 8.5x14 color copy produced, a records custodian may assess a per-page charge of up to 50 cents ($0.50)."
dup.specialty.rate,"Specialty reproduction (photos, maps, transcripts)",fee_profiles:duplication.specialty.rate,TX,silent,,,,,,,,
dup.specialty.rate,"Specialty reproduction (photos, maps, transcripts)",fee_profiles:duplication.specialty.rate,UT,silent,,,,,,,,
dup.specialty.rate,"Specialty reproduction (photos, maps, transcripts)",fee_profiles:duplication.specialty.rate,VA,silent,,,,,,,,
dup.specialty.rate,"Specialty reproduction (photos, maps, transcripts)",fee_profiles:duplication.specialty.rate,WA,rule_without_value,,Permission,,,WA-0029,RCW 42.56.120(3),https://app.leg.wa.gov/RCW/default.aspx?cite=42.56.120,An agency may impose a customized service charge for a request that requires information-technology expertise to prepare data compilations or provide customized electronic access not used by the agency for other purposes
dup.specialty.rate,"Specialty reproduction (photos, maps, transcripts)",fee_profiles:duplication.specialty.rate,WI,actual_cost_or_reasonable,ceiling,Permission,Statute,,WI-0036,Wis. Stat. § 19.35(3)(b),https://docs.legis.wisconsin.gov/statutes/statutes/19/ii/35,"Where an authority provides a photograph of a record whose form does not permit copying, it may impose a fee not exceeding the actual, necessary and direct cost of photographing and photographic processing."
dup.tiers,Graduated page bands (per-page rate by volume),fee_profiles:duplication.*.tiers,AL,silent,,,,,,,,
dup.tiers,Graduated page bands (per-page rate by volume),fee_profiles:duplication.*.tiers,AZ,rule_without_value,soft-standard,Permission,,,AZ-0018,Ariz. Rev. Stat. § 39-121.01(D)(1),https://www.azleg.gov/ars/39/00121-01.htm,"The custodian may charge a fee for furnishing copies, printouts or photographs if the facilities are available; the statute sets no rate."
dup.tiers,Graduated page bands (per-page rate by volume),fee_profiles:duplication.*.tiers,CA,silent,,,,,,,,
dup.tiers,Graduated page bands (per-page rate by volume),fee_profiles:duplication.*.tiers,CO,value_present,ceiling,Permission/Prohibition,Statute,twenty-five cents,CO-0016 CO-0019,C.R.S. § 24-72-205(5)(a) | C.R.S. § 24-72-205(6)(a),https://leg.colorado.gov/colorado-revised-statutes,The custodian may charge a fee not to exceed twenty-five cents per standard page for a copy of a public record.
dup.tiers,Graduated page bands (per-page rate by volume),fee_profiles:duplication.*.tiers,CT,value_present,ceiling,Calculation,,twenty-five cents,CT-0015 CT-0016,Conn. Gen. Stat. § 1-212(a)(A) | Conn. Gen. Stat. § 1-212(a)(B),https://www.cga.ct.gov/current/pub/chap_014.htm,"For all public agencies other than state offices/agencies, the fee for a copy of a public record shall not exceed fifty cents per page."
dup.tiers,Graduated page bands (per-page rate by volume),fee_profiles:duplication.*.tiers,FL,value_present,ceiling,Calculation,,15 cents | 5 cents,FL-0020 FL-0021,"§ 119.07(4)(a)1., Fla. Stat. | § 119.07(4)(a)2., Fla. Stat.",https://www.flsenate.gov/Laws/Statutes/2024/119.07,"For duplicated copies of records not larger than 14 by 8.5 inches, the agency may charge up to 15 cents per one-sided copy."
dup.tiers,Graduated page bands (per-page rate by volume),fee_profiles:duplication.*.tiers,GA,value_present,ceiling,Requirement,,10 cents,GA-0018 GA-0017,O.C.G.A. § 50-18-71(c)(1) | O.C.G.A. § 50-18-71(c)(2),https://georgialibraries.org/librarylaws/Georgia%20Open%20Records%20Act%20(O.C.G.A.%20%C2%A7%C2%A7%2050-18-70%20through%2050-18-74).pdf,"In addition to labor charges, an agency may charge for copying, not to exceed 10 cents per page for letter or legal size documents, or the actual cost of producing the copy for other document types."
dup.tiers,Graduated page bands (per-page rate by volume),fee_profiles:duplication.*.tiers,ID,rule_without_value,fixed,Calculation,,,ID-0017,Idaho Code § 74-102(10)(a),https://legislature.idaho.gov/statutesrules/idstat/Title74/T74CH1/SECT74-102/,No fee shall be charged for the first two (2) hours of labor in responding to a resident's public records request.
dup.tiers,Graduated page bands (per-page rate by volume),fee_profiles:duplication.*.tiers,IL,value_present,fixed,Calculation/Prohibition,,15 cents | 50 pages | 8 hours,IL-0028 IL-0027 IL-0036,5 ILCS 140/6(b) | 5 ILCS 140/6(f),https://www.ilga.gov/documents/legislation/ilcs/documents/000501400K6.htm,"The fee for black-and-white, letter- or legal-sized copies (after the free 50) may not exceed 15 cents per page."
dup.tiers,Graduated page bands (per-page rate by volume),fee_profiles:duplication.*.tiers,IN,value_present,ceiling,Calculation,,$0.10 | $0.25 | ten cents | twenty-five cents,IN-0015,Ind. Code § 5-14-3-8(b)-(d),https://iga.in.gov/laws/2025/ic/titles/5#5-14-3-8,"The fee for copying documents may not exceed the greater of ten cents ($0.10) per non-color page or twenty-five cents ($0.25) per color page, or the agency's actual cost."
dup.tiers,Graduated page bands (per-page rate by volume),fee_profiles:duplication.*.tiers,KS,silent,,,,,,,,
dup.tiers,Graduated page bands (per-page rate by volume),fee_profiles:duplication.*.tiers,LA,defers_to_city,soft-standard,Permission,Statute,,LA-0021,La. R.S. 44:32(C)(1)(a),https://www.legis.la.gov/Legis/Law.aspx?d=99691,The custodian may establish and collect reasonable fees for making copies of public records.
dup.tiers,Graduated page bands (per-page rate by volume),fee_profiles:duplication.*.tiers,MA,value_present,fixed,Calculation,Statute,2 hours | 4 hours | 5 cents,MA-0030 MA-0034 MA-0035,"M.G.L. c. 66, § 10(d)(i) | M.G.L. c. 66, § 10(d)(ii)(B) | M.G.L. c. 66, § 10(d)(iii)(B)",https://malegislature.gov/Laws/GeneralLaws/PartI/TitleX/Chapter66/Section10,"The fee for standard black-and-white paper copies or printouts shall not exceed 5 cents per page, for both single- and double-sided copies."
dup.tiers,Graduated page bands (per-page rate by volume),fee_profiles:duplication.*.tiers,MI,value_present,ceiling,Calculation,,10 cents,MI-0038,Mich. Comp. Laws § 15.234(1)(d),https://www.legislature.mi.gov/Laws/MCL?objectName=MCL-15-234,"The charge for paper copies must not exceed 10 cents per sheet for copies made on 8.5x11 or 8.5x14 paper, calculated as a total cost per sheet."
dup.tiers,Graduated page bands (per-page rate by volume),fee_profiles:duplication.*.tiers,MN,value_present,ceiling,Calculation/Permission,,25 cents,MN-0009 MN-0010,"Minn. Stat. § 13.03, subd. 3(c) | Minn. Stat. § 13.04, subd. 3",https://www.revisor.mn.gov/statutes/cite/13.03 https://www.revisor.mn.gov/statutes/cite/13.04,"For requests of 100 or fewer black-and-white letter/legal-size paper copies, actual costs may not be used; the entity may charge no more than 25 cents per page copied."
dup.tiers,Graduated page bands (per-page rate by volume),fee_profiles:duplication.*.tiers,MO,value_present,ceiling,Calculation,,ten cents,MO-0018,"§ 610.026.1(1), RSMo",https://revisor.mo.gov/main/OneSection.aspx?section=610.026,Fees for copying public records provided in paper form shall not exceed ten cents per page for a paper copy not larger than nine by fourteen inches.
dup.tiers,Graduated page bands (per-page rate by volume),fee_profiles:duplication.*.tiers,NC,silent,,,,,,,,
dup.tiers,Graduated page bands (per-page rate by volume),fee_profiles:duplication.*.tiers,NE,rule_without_value,fixed,Prohibition,Statute,,NE-0020,Neb. Rev. Stat. § 84-712(1),https://nebraskalegislature.gov/laws/statutes.php?statute=84-712,"For a Nebraska resident's request, the actual added cost used to calculate a fee shall not include any charge for existing salary/pay obligations for the first eight cumulative hours of searching, identifying, physically"
dup.tiers,Graduated page bands (per-page rate by volume),fee_profiles:duplication.*.tiers,NJ,silent,,,,,,,,
dup.tiers,Graduated page bands (per-page rate by volume),fee_profiles:duplication.*.tiers,NV,delegated_to_regulation_or_schedule,ceiling,Permission,,,NV-0020,Nev. Rev. Stat. § 239.052(1),https://www.leg.state.nv.us/nrs/nrs-239.html,"A governmental entity may charge a fee for a copy, but the fee must not exceed the actual cost to provide the copy unless a specific statute or regulation sets the fee."
dup.tiers,Graduated page bands (per-page rate by volume),fee_profiles:duplication.*.tiers,NY,value_present,ceiling,Calculation,Statute,25 cents | twenty-five cents,NY-0024,N.Y. Pub. Off. Law § 87(1)(b)(iii)(1),https://www.nysenate.gov/legislation/laws/PBO/87,"Fees for paper copies shall not exceed 25 cents per photocopy not exceeding 9 by 14 inches, unless a different fee is prescribed by statute."
dup.tiers,Graduated page bands (per-page rate by volume),fee_profiles:duplication.*.tiers,OH,actual_cost_or_reasonable,ceiling,Calculation,Statute,,OH-0018,Ohio Rev. Code § 149.43(B)(1),https://codes.ohio.gov/ohio-revised-code/section-149.43,Copies of public records shall be made available 'at cost' — the office may not charge more than its actual cost of making the copy.
dup.tiers,Graduated page bands (per-page rate by volume),fee_profiles:duplication.*.tiers,OK,value_present,ceiling,Calculation,,$0.25 | twenty-five cents,OK-0017,"Okla. Stat. tit. 51, § 24A.5(4)",https://www.oscn.net/applications/oscn/deliverdocument.asp?citeid=80292,The record copying fee may not exceed twenty-five cents ($0.25) per page for records 8.5 by 14 inches or smaller.
dup.tiers,Graduated page bands (per-page rate by volume),fee_profiles:duplication.*.tiers,OR,silent,,,,,,,,
dup.tiers,Graduated page bands (per-page rate by volume),fee_profiles:duplication.*.tiers,PA,value_present,ceiling,Calculation,Official Guidance,$0.20 | $0.25 | 14 page,PA-0040,"OOR Official RTKL Fee Schedule (adopted Dec. 30, 2024), issued under 65 P.S. § 67.1307(b)",https://www.openrecords.pa.gov/Documents/RTKL/Official_RTKL_Fee_Schedule.pdf,"Under the OOR Official RTKL Fee Schedule, an agency may charge up to $0.25 per copy for black-and-white photocopies (8.5x11 or 8.5x14), reduced to $0.20 per copy beyond the first 1,000 copies."
dup.tiers,Graduated page bands (per-page rate by volume),fee_profiles:duplication.*.tiers,SC,rule_without_value,ceiling,Requirement,,,SC-0009,S.C. Code Ann. § 30-4-30(B),https://www.scstatehouse.gov/code/t30c004.php,Fees for copies may not exceed the prevailing commercial rate for the producing of copies.
dup.tiers,Graduated page bands (per-page rate by volume),fee_profiles:duplication.*.tiers,TN,value_present,ceiling,Calculation,Official Guidance,$0.15 | 15 cents,TN-0029,OORC Schedule of Reasonable Charges § II.A,https://www.comptroller.tn.gov/content/dam/cot/orc/documents/oorc/policies-and-guidelines/ScheduleofReasonableCharges.pdf,"For each standard 8.5x11 or 8.5x14 black-and-white copy produced, a records custodian may assess a per-page charge of up to 15 cents ($0.15)."
dup.tiers,Graduated page bands (per-page rate by volume),fee_profiles:duplication.*.tiers,TX,value_present,soft-standard,Calculation,Statute,15 hours | 36 hours,TX-0025 TX-0026 TX-0031,"Tex. Gov't Code § 552.261(a) | Tex. Gov't Code § 552.275(a), (b)",https://statutes.capitol.texas.gov/Docs/GV/htm/GV.552.htm#552.261 https://statutes.capitol.texas.gov/Docs/GV/htm/GV.552.htm#552.275,"The copy charge must be an amount that reasonably includes all costs related to reproducing the information, including materials, labor, and overhead."
dup.tiers,Graduated page bands (per-page rate by volume),fee_profiles:duplication.*.tiers,UT,rule_without_value,fixed,Exception/Prohibition,Statute,,UT-0035 UT-0036,Utah Code § 63G-2-203(5)(b)(iii) | Utah Code § 63G-2-203(5)(c),https://le.utah.gov/xcode/Title63G/Chapter2/63G-2-S203.html,An entity may not charge a fee for the first quarter hour of staff time spent responding to a request.
dup.tiers,Graduated page bands (per-page rate by volume),fee_profiles:duplication.*.tiers,VA,silent,,,,,,,,
dup.tiers,Graduated page bands (per-page rate by volume),fee_profiles:duplication.*.tiers,WA,value_present,ceiling,Calculation,,Fifteen cents | Ten cents | fifteen cents | ten cents,WA-0021 WA-0022,RCW 42.56.120(2)(b)(i) | RCW 42.56.120(2)(b)(ii),https://app.leg.wa.gov/RCW/default.aspx?cite=42.56.120,"Absent a published actual-cost calculation, the agency may charge up to fifteen cents per page for photocopies or printed copies of electronic records."
dup.tiers,Graduated page bands (per-page rate by volume),fee_profiles:duplication.*.tiers,WI,actual_cost_or_reasonable,ceiling,Permission,Statute,,WI-0035,Wis. Stat. § 19.35(3)(a),https://docs.legis.wisconsin.gov/statutes/statutes/19/ii/35,"An authority may impose a fee for a copy of a record not exceeding the actual, necessary and direct cost of reproduction and transcription, unless a fee is otherwise specifically established or authorized by law."
rules.freePages,Free page allowance per request,fee_profiles:requestRules.freePageAllowance,AL,silent,,,,,,,,
rules.freePages,Free page allowance per request,fee_profiles:requestRules.freePageAllowance,AZ,silent,,,,,,,,
rules.freePages,Free page allowance per request,fee_profiles:requestRules.freePageAllowance,CA,rule_without_value,,Prohibition,,,CA-0024,"National Lawyers Guild, S.F. Bay Area Chapter v. City of Hayward (2020) 9 Cal.5th 488 (Appellate/Supreme Court Decision)",https://www.courts.ca.gov/opinions/documents/S252445.PDF,"For ordinary production of electronic records, an agency may not charge for the ancillary staff time of searching for and redacting/reviewing records; such time is chargeable only within the narrow data-extraction cost-s"
rules.freePages,Free page allowance per request,fee_profiles:requestRules.freePageAllowance,CO,rule_without_value,fixed,Prohibition,Statute,,CO-0019 CO-0021,C.R.S. § 24-72-205(1)(b) | C.R.S. § 24-72-205(6)(a),https://leg.colorado.gov/colorado-revised-statutes,The custodian shall not impose any charge for the first hour of time expended in research and retrieval of public records.
rules.freePages,Free page allowance per request,fee_profiles:requestRules.freePageAllowance,CT,silent,,,,,,,,
rules.freePages,Free page allowance per request,fee_profiles:requestRules.freePageAllowance,FL,silent,,,,,,,,
rules.freePages,Free page allowance per request,fee_profiles:requestRules.freePageAllowance,GA,rule_without_value,fixed,Requirement,,,GA-0017,O.C.G.A. § 50-18-71(c)(1),https://georgialibraries.org/librarylaws/Georgia%20Open%20Records%20Act%20(O.C.G.A.%20%C2%A7%C2%A7%2050-18-70%20through%2050-18-74).pdf,"No labor charge may be made for the first quarter hour of search, retrieval, or redaction."
rules.freePages,Free page allowance per request,fee_profiles:requestRules.freePageAllowance,ID,rule_without_value,fixed,Calculation,,,ID-0017 ID-0018,Idaho Code § 74-102(10)(a),https://legislature.idaho.gov/statutesrules/idstat/Title74/T74CH1/SECT74-102/,No fee shall be charged for the first two (2) hours of labor in responding to a resident's public records request.
rules.freePages,Free page allowance per request,fee_profiles:requestRules.freePageAllowance,IL,value_present,fixed,Prohibition,,50 pages | 8 hours,IL-0027 IL-0036 IL-0032,5 ILCS 140/6(a) | 5 ILCS 140/6(b) | 5 ILCS 140/6(f),https://www.ilga.gov/documents/legislation/ilcs/documents/000501400K6.htm,"No fee may be charged for the first 50 pages of black-and-white, letter- or legal-sized copies requested."
rules.freePages,Free page allowance per request,fee_profiles:requestRules.freePageAllowance,IN,silent,,,,,,,,
rules.freePages,Free page allowance per request,fee_profiles:requestRules.freePageAllowance,KS,silent,,,,,,,,
rules.freePages,Free page allowance per request,fee_profiles:requestRules.freePageAllowance,LA,rule_without_value,fixed,Prohibition,Statute,,LA-0014,La. R.S. 44:32(C)(3),https://www.legis.la.gov/Legis/Law.aspx?d=99691,"No fee may be charged to examine or review a public record, or to determine whether a record is subject to disclosure, except as provided in this Section."
rules.freePages,Free page allowance per request,fee_profiles:requestRules.freePageAllowance,MA,value_present,fixed,Calculation/Prohibition,Statute,2 hours | 4 hours,MA-0034 MA-0035 MA-0036,"M.G.L. c. 66, § 10(d)(ii)(B) | M.G.L. c. 66, § 10(d)(ii)(C), (iii)(C) | M.G.L. c. 66, § 10(d)(iii)(B)",https://malegislature.gov/Laws/GeneralLaws/PartI/TitleX/Chapter66/Section10,"For a municipality with a population over 20,000, no labor fee may be assessed for the first 2 hours of work performed."
rules.freePages,Free page allowance per request,fee_profiles:requestRules.freePageAllowance,MI,rule_without_value,,Exception/Prohibition,,,MI-0032 MI-0046 MI-0050,Mich. Comp. Laws § 15.234(1)(b) | Mich. Comp. Laws § 15.234(4) | Mich. Comp. Laws § 15.234(5),https://www.legislature.mi.gov/Laws/MCL?objectName=MCL-15-234,A public body may not charge for redaction labor if it knows or has reason to know it previously redacted the record and the redacted version is still in its possession.
rules.freePages,Free page allowance per request,fee_profiles:requestRules.freePageAllowance,MN,silent,,,,,,,,
rules.freePages,Free page allowance per request,fee_profiles:requestRules.freePageAllowance,MO,silent,,,,,,,,
rules.freePages,Free page allowance per request,fee_profiles:requestRules.freePageAllowance,NC,silent,,,,,,,,
rules.freePages,Free page allowance per request,fee_profiles:requestRules.freePageAllowance,NE,rule_without_value,fixed,Prohibition,Statute,,NE-0020,Neb. Rev. Stat. § 84-712(1),https://nebraskalegislature.gov/laws/statutes.php?statute=84-712,"For a Nebraska resident's request, the actual added cost used to calculate a fee shall not include any charge for existing salary/pay obligations for the first eight cumulative hours of searching, identifying, physically"
rules.freePages,Free page allowance per request,fee_profiles:requestRules.freePageAllowance,NJ,silent,,,,,,,,
rules.freePages,Free page allowance per request,fee_profiles:requestRules.freePageAllowance,NV,delegated_to_regulation_or_schedule,,Prohibition,,,NV-0022,Nev. Rev. Stat. § 239.052(1),https://www.leg.state.nv.us/nrs/nrs-239.html,A governmental entity must not charge a fee for a copy if a specific statute or regulation requires it to provide the copy without charge.
rules.freePages,Free page allowance per request,fee_profiles:requestRules.freePageAllowance,NY,actual_cost_or_reasonable,fixed,Exception/Prohibition,Statute,,NY-0026 NY-0029,N.Y. Pub. Off. Law § 87(1)(b)(iii)(2) | N.Y. Pub. Off. Law § 87(1)(c)(iv),https://www.nysenate.gov/legislation/laws/PBO/87,"Where an identical record was prepared for a prior request within the past six months and an electronic copy is available, the agency shall charge no fee except the actual cost of a storage device/media if provided."
rules.freePages,Free page allowance per request,fee_profiles:requestRules.freePageAllowance,OH,silent,,,,,,,,
rules.freePages,Free page allowance per request,fee_profiles:requestRules.freePageAllowance,OK,silent,,,,,,,,
rules.freePages,Free page allowance per request,fee_profiles:requestRules.freePageAllowance,OR,silent,,,,,,,,
rules.freePages,Free page allowance per request,fee_profiles:requestRules.freePageAllowance,PA,rule_without_value,fixed,Prohibition,Statute,,PA-0042,65 P.S. § 67.1307(g),https://www.legis.state.pa.us/WU01/LI/LI/US/HTM/2008/0/0003..HTM,"No fee may be imposed for an agency's review of a record to determine whether it is a public, legislative or financial record subject to access."
rules.freePages,Free page allowance per request,fee_profiles:requestRules.freePageAllowance,SC,rule_without_value,fixed,Prohibition,,,SC-0011,S.C. Code Ann. § 30-4-30(B),https://www.scstatehouse.gov/code/t30c004.php,Copy charges may not be applied to records that are transmitted in an electronic format.
rules.freePages,Free page allowance per request,fee_profiles:requestRules.freePageAllowance,TN,silent,,,,,,,,
rules.freePages,Free page allowance per request,fee_profiles:requestRules.freePageAllowance,TX,value_present,floor,Calculation,Statute,15 hours | 36 hours,TX-0026 TX-0031,"Tex. Gov't Code § 552.261(a) | Tex. Gov't Code § 552.275(a), (b)",https://statutes.capitol.texas.gov/Docs/GV/htm/GV.552.htm#552.261 https://statutes.capitol.texas.gov/Docs/GV/htm/GV.552.htm#552.275,"For a request of 50 or fewer pages of paper records, the charge may not include materials, labor, or overhead and is limited to the per-page photocopy charge, unless the pages are in two-or-more unconnected buildings or "
rules.freePages,Free page allowance per request,fee_profiles:requestRules.freePageAllowance,UT,rule_without_value,fixed,Exception/Prohibition,Statute,,UT-0035 UT-0036 UT-0034,Utah Code § 63G-2-203(5)(b)(i) | Utah Code § 63G-2-203(5)(b)(iii) | Utah Code § 63G-2-203(5)(c),https://le.utah.gov/xcode/Title63G/Chapter2/63G-2-S203.html,An entity may not charge a fee for the first quarter hour of staff time spent responding to a request.
rules.freePages,Free page allowance per request,fee_profiles:requestRules.freePageAllowance,VA,rule_without_value,,Prohibition,,,VA-0023,Va. Code § 2.2-3704(F),https://law.lis.virginia.gov/vacode/title2.2/chapter37/section2.2-3704/,"No public body shall impose extraneous, intermediary, or surplus fees or expenses to recoup the general costs of creating or maintaining records or transacting the general business of the public body."
rules.freePages,Free page allowance per request,fee_profiles:requestRules.freePageAllowance,WA,rule_without_value,fixed,Prohibition,,,WA-0026,RCW 42.56.120(2)(e),https://app.leg.wa.gov/RCW/default.aspx?cite=42.56.120,An agency may not impose copying charges for access to or downloading of records it routinely posts on its public internet website.
rules.freePages,Free page allowance per request,fee_profiles:requestRules.freePageAllowance,WI,rule_without_value,fixed,Prohibition,Appellate Decision,,WI-0033,"Milwaukee Journal Sentinel v. City of Milwaukee, 2012 WI 65, 341 Wis. 2d 607",https://docs.legis.wisconsin.gov/statutes/statutes/19/ii/35,"Redaction is not one of the four statutory fee tasks (reproduction/transcription, photographing/processing, locating, mailing/shipping); an authority generally may not impose a fee for the process of redacting informatio"
labor.search.rate,Labor rate — search / retrieval ($/hr),fee_profiles:labor.search.rate,AL,silent,,,,,,,,
labor.search.rate,Labor rate — search / retrieval ($/hr),fee_profiles:labor.search.rate,AZ,silent,,,,,,,,
labor.search.rate,Labor rate — search / retrieval ($/hr),fee_profiles:labor.search.rate,CA,actual_cost_or_reasonable,ceiling,Permission,,,CA-0021,Cal. Gov. Code § 7922.530(a) (Statute),https://leginfo.legislature.ca.gov/faces/codes_displaySection.xhtml?sectionNum=7922.530&lawCode=GOV,"Fees for copies of records are limited to fees covering the direct costs of duplication, or a statutory fee if one applies."
labor.search.rate,Labor rate — search / retrieval ($/hr),fee_profiles:labor.search.rate,CO,rule_without_value,ceiling,Permission/Requirement,Statute,,CO-0018 CO-0020,C.R.S. § 24-72-205(6)(a),https://leg.colorado.gov/colorado-revised-statutes,"After the first hour, the custodian may charge a fee for research and retrieval of public records not to exceed thirty dollars per hour."
labor.search.rate,Labor rate — search / retrieval ($/hr),fee_profiles:labor.search.rate,CT,silent,,,,,,,,
labor.search.rate,Labor rate — search / retrieval ($/hr),fee_profiles:labor.search.rate,FL,actual_cost_or_reasonable,,Definition,,,FL-0023,"§ 119.011(1), Fla. Stat.",https://www.flsenate.gov/Laws/Statutes/2024/119.011,"'Actual cost of duplication' means the cost of the material and supplies used to duplicate the record, and does not include labor cost or overhead cost associated with such duplication."
labor.search.rate,Labor rate — search / retrieval ($/hr),fee_profiles:labor.search.rate,GA,actual_cost_or_reasonable,ceiling,Requirement,,,GA-0016 GA-0020,O.C.G.A. § 50-18-71(c)(1),https://georgialibraries.org/librarylaws/Georgia%20Open%20Records%20Act%20(O.C.G.A.%20%C2%A7%C2%A7%2050-18-70%20through%2050-18-74).pdf,"An agency may impose a reasonable charge for search, retrieval, and redaction, but that charge shall not exceed the prorated hourly salary of the lowest paid full-time employee who, in the custodian's reasonable discreti"
labor.search.rate,Labor rate — search / retrieval ($/hr),fee_profiles:labor.search.rate,ID,actual_cost_or_reasonable,ceiling,Calculation,,,ID-0020 ID-0019 ID-0022,Idaho Code § 74-102(10) | Idaho Code § 74-102(10)(c) | Idaho Code § 74-102(10)(e),https://legislature.idaho.gov/statutesrules/idstat/Title74/T74CH1/SECT74-102/,"Fees for resident requests shall not exceed reasonable labor costs necessarily incurred, charged at the per-hour pay rate of the lowest-paid administrative staff employee or public official of the agency."
labor.search.rate,Labor rate — search / retrieval ($/hr),fee_profiles:labor.search.rate,IL,silent,,,,,,,,
labor.search.rate,Labor rate — search / retrieval ($/hr),fee_profiles:labor.search.rate,IN,silent,,,,,,,,
labor.search.rate,Labor rate — search / retrieval ($/hr),fee_profiles:labor.search.rate,KS,actual_cost_or_reasonable,ceiling,Calculation/Permission/Requirement,Statute,,KS-0035 KS-0038 KS-0034 KS-0037 KS-0040,K.S.A. 45-219(b) | K.S.A. 45-219(c)(1) | K.S.A. 45-219(c)(3),https://ksrevisor.gov/statutes/chapters/ch45/045_002_0019.html,Actual costs may include the cost to review and redact the requested records but shall not include incidental costs not attributable to furnishing the requested records.
labor.search.rate,Labor rate — search / retrieval ($/hr),fee_profiles:labor.search.rate,LA,rule_without_value,soft-standard,Requirement,Statute,,LA-0027,La. R.S. 44:32(B),https://www.legis.la.gov/Legis/Law.aspx?d=99691,"When examination is conducted outside regular working hours, persons representing the custodian are entitled to reasonable compensation, paid by the public body and funded in advance by the party demanding the extraordin"
labor.search.rate,Labor rate — search / retrieval ($/hr),fee_profiles:labor.search.rate,MA,value_present,ceiling,Calculation/Permission,Statute,$25 | 2 hours | 4 hours,MA-0032 MA-0033 MA-0037 MA-0029,"M.G.L. c. 66, § 10(d) | M.G.L. c. 66, § 10(d)(ii) | M.G.L. c. 66, § 10(d)(iii) | M.G.L. c. 66, § 10(d)(iv)",https://malegislature.gov/Laws/GeneralLaws/PartI/TitleX/Chapter66/Section10,"For a municipality, the hourly labor rate must equal or be less than the lowest-paid capable employee's rate and shall not exceed $25 per hour, unless a higher rate is approved by the Supervisor."
labor.search.rate,Labor rate — search / retrieval ($/hr),fee_profiles:labor.search.rate,MI,value_present,ceiling,Calculation/Permission/Prohibition,,15 minutes | 50%,MI-0034 MI-0035 MI-0036 MI-0039 MI-0041 MI-0042 MI-0033,Mich. Comp. Laws § 15.234(1) | Mich. Comp. Laws § 15.234(1)(a) | Mich. Comp. Laws § 15.234(1)(b) | Mich. Comp. Laws § 15.234(1)(e),https://www.legislature.mi.gov/Laws/MCL?objectName=MCL-15-234,"Labor for searching, locating, and examining records may not be charged at more than the hourly wage of the public body's lowest-paid employee capable of doing so, regardless of who performs the labor."
labor.search.rate,Labor rate — search / retrieval ($/hr),fee_profiles:labor.search.rate,MN,actual_cost_or_reasonable,ceiling,Permission,,,MN-0008,"Minn. Stat. § 13.03, subd. 3(c)",https://www.revisor.mn.gov/statutes/cite/13.03,"When copies or electronic transmittal are requested, the responsible authority may require payment of the actual costs of searching for and retrieving the data, including employee time."
labor.search.rate,Labor rate — search / retrieval ($/hr),fee_profiles:labor.search.rate,MO,actual_cost_or_reasonable,ceiling,Calculation/Permission/Requirement,,,MO-0019 MO-0020 MO-0021,"§ 610.026.1(1), RSMo",https://revisor.mo.gov/main/OneSection.aspx?section=610.026,The hourly fee charged for duplicating time shall not exceed the average hourly rate of pay for clerical staff of the public governmental body.
labor.search.rate,Labor rate — search / retrieval ($/hr),fee_profiles:labor.search.rate,NC,actual_cost_or_reasonable,fixed,Requirement,Statute,,NC-0010 NC-0019,N.C. Gen. Stat. § 132-6(c) | N.C. Gen. Stat. § 132-6.2(b),https://www.ncleg.gov/EnactedLegislation/Statutes/HTML/BySection/Chapter_132/GS_132-6.2.html https://www.ncleg.gov/EnactedLegislation/Statutes/HTML/BySection/Chapter_132/GS_132-6.html,"When separation of confidential from nonconfidential information is necessary to permit access, the public agency bears the cost of separation."
labor.search.rate,Labor rate — search / retrieval ($/hr),fee_profiles:labor.search.rate,NE,rule_without_value,ceiling,Calculation,Statute,,NE-0019,Neb. Rev. Stat. § 84-712(1),https://nebraskalegislature.gov/laws/statutes.php?statute=84-712,"A custodian may charge a fee for providing copies, but the fee shall not exceed the actual added cost of making the copies available."
labor.search.rate,Labor rate — search / retrieval ($/hr),fee_profiles:labor.search.rate,NJ,silent,,,,,,,,
labor.search.rate,Labor rate — search / retrieval ($/hr),fee_profiles:labor.search.rate,NV,actual_cost_or_reasonable,,Definition,,,NV-0021,Nev. Rev. Stat. § 239.005(1),https://www.leg.state.nv.us/nrs/nrs-239.html,"'Actual cost' means direct cost of providing the copy (ink, toner, paper, media, postage) and excludes any cost the entity incurs regardless of whether a copy is requested."
labor.search.rate,Labor rate — search / retrieval ($/hr),fee_profiles:labor.search.rate,NY,actual_cost_or_reasonable,fixed,Calculation,Statute,,NY-0027 NY-0028 NY-0025 NY-0030,N.Y. Pub. Off. Law § 87(1)(b)(iii)(1) | N.Y. Pub. Off. Law § 87(1)(c)(i) | N.Y. Pub. Off. Law § 87(1)(c)(iii) | N.Y. Pub. Off. Law § 87(1)(c)(iv),https://www.nysenate.gov/legislation/laws/PBO/87,Actual reproduction cost may include only the hourly salary attributed to the lowest-paid agency employee who has the necessary skill to prepare the copy.
labor.search.rate,Labor rate — search / retrieval ($/hr),fee_profiles:labor.search.rate,OH,silent,,,,,,,,
labor.search.rate,Labor rate — search / retrieval ($/hr),fee_profiles:labor.search.rate,OK,actual_cost_or_reasonable,ceiling,Calculation,,,OK-0016,"Okla. Stat. tit. 51, § 24A.5(4)",https://www.oscn.net/applications/oscn/deliverdocument.asp?citeid=80292,"A public body may charge a fee only to recover the reasonable, direct costs of record copying or mechanical reproduction."
labor.search.rate,Labor rate — search / retrieval ($/hr),fee_profiles:labor.search.rate,OR,actual_cost_or_reasonable,soft-standard,Permission,,,OR-0021 OR-0020,Or. Rev. Stat. § 192.324(4)(a) | Or. Rev. Stat. § 192.324(4)(b),https://www.oregonlegislature.gov/bills_laws/ors/ors192.html,"A public body may include in the fee the cost of attorney time spent reviewing, redacting, or segregating records into exempt and nonexempt, but may NOT include attorney time spent determining the application of ORS 192."
labor.search.rate,Labor rate — search / retrieval ($/hr),fee_profiles:labor.search.rate,PA,silent,,,,,,,,
labor.search.rate,Labor rate — search / retrieval ($/hr),fee_profiles:labor.search.rate,SC,actual_cost_or_reasonable,ceiling,Permission/Requirement,,,SC-0007 SC-0008 SC-0014,S.C. Code Ann. § 30-4-30(B),https://www.scstatehouse.gov/code/t30c004.php,"A public body may establish and collect reasonable fees not to exceed the actual cost of the search, retrieval, and redaction of records."
labor.search.rate,Labor rate — search / retrieval ($/hr),fee_profiles:labor.search.rate,TN,value_present,soft-standard,Calculation/Requirement,Official Guidance,$0.15 | $0.50 | 15 cents | 50 cents,TN-0032 TN-0033 TN-0019 TN-0031,"OORC Schedule of Reasonable Charges § II.C | OORC Schedule of Reasonable Charges § III.A | OORC Schedule of Reasonable Charges § IV.C | OORC Schedule of Reasonable Charges §§ IV.B, IV.D, IV.E",https://www.comptroller.tn.gov/content/dam/cot/orc/documents/oorc/policies-and-guidelines/ScheduleofReasonableCharges.pdf,"The labor threshold is the first (1st) hour of labor reasonably necessary to produce requested material; a governmental entity may adopt a higher threshold, and labor may be charged only for time exceeding the threshold."
labor.search.rate,Labor rate — search / retrieval ($/hr),fee_profiles:labor.search.rate,TX,silent,,,,,,,,
labor.search.rate,Labor rate — search / retrieval ($/hr),fee_profiles:labor.search.rate,UT,actual_cost_or_reasonable,ceiling,Calculation/Permission,Statute,,UT-0031 UT-0028 UT-0029,Utah Code § 63G-2-203(1) | Utah Code § 63G-2-203(2)(a) | Utah Code § 63G-2-203(2)(b),https://le.utah.gov/xcode/Title63G/Chapter2/63G-2-S203.html,An hourly staff-time charge may not exceed the salary of the lowest paid employee who has the necessary skill and training to perform the request.
labor.search.rate,Labor rate — search / retrieval ($/hr),fee_profiles:labor.search.rate,VA,actual_cost_or_reasonable,ceiling,Permission/Requirement,,,VA-0021 VA-0022 VA-0024,Va. Code § 2.2-3704(F),https://law.lis.virginia.gov/vacode/title2.2/chapter37/section2.2-3704/,"A public body may make reasonable charges not to exceed its actual cost incurred in accessing, duplicating, supplying, or searching for the requested records."
labor.search.rate,Labor rate — search / retrieval ($/hr),fee_profiles:labor.search.rate,WA,defers_to_city,ceiling,Calculation/Permission/Prohibition,,,WA-0020 WA-0027 WA-0028,RCW 42.56.070(7)(b) | RCW 42.56.070(7); RCW 42.56.120(2)(a) | RCW 42.56.120(1),https://app.leg.wa.gov/RCW/default.aspx?cite=42.56.070 https://app.leg.wa.gov/RCW/default.aspx?cite=42.56.120,"A reasonable charge may be imposed for copies and for use of agency copying equipment, not exceeding the amount necessary to reimburse the agency for its actual costs directly incident to copying."
labor.search.rate,Labor rate — search / retrieval ($/hr),fee_profiles:labor.search.rate,WI,value_present,ceiling,Permission,Statute,"$10,000 | $50",WI-0041 WI-0037 WI-0040,"Wis. Stat. § 19.35(3)(am), created by 2023 Wis. Act 253 | Wis. Stat. § 19.35(3)(c) | Wis. Stat. § 19.35(3)(g)",https://docs.legis.wisconsin.gov/2023/related/acts/253 https://docs.legis.wisconsin.gov/statutes/statutes/19/ii/35,"A law enforcement agency may impose a fee for the actual, necessary and direct cost of redacting recorded audio or video content to the extent redaction is required by law, but may not charge if: the requester (an indivi"
labor.review.rate,Labor rate — review / redaction ($/hr),fee_profiles:labor.review.rate,AL,silent,,,,,,,,
labor.review.rate,Labor rate — review / redaction ($/hr),fee_profiles:labor.review.rate,AZ,silent,,,,,,,,
labor.review.rate,Labor rate — review / redaction ($/hr),fee_profiles:labor.review.rate,CA,rule_without_value,,Prohibition,,,CA-0024,"National Lawyers Guild, S.F. Bay Area Chapter v. City of Hayward (2020) 9 Cal.5th 488 (Appellate/Supreme Court Decision)",https://www.courts.ca.gov/opinions/documents/S252445.PDF,"For ordinary production of electronic records, an agency may not charge for the ancillary staff time of searching for and redacting/reviewing records; such time is chargeable only within the narrow data-extraction cost-s"
labor.review.rate,Labor rate — review / redaction ($/hr),fee_profiles:labor.review.rate,CO,rule_without_value,ceiling,Permission/Prohibition/Requirement,Statute,,CO-0018 CO-0020 CO-0021,C.R.S. § 24-72-205(1)(b) | C.R.S. § 24-72-205(6)(a),https://leg.colorado.gov/colorado-revised-statutes,"After the first hour, the custodian may charge a fee for research and retrieval of public records not to exceed thirty dollars per hour."
labor.review.rate,Labor rate — review / redaction ($/hr),fee_profiles:labor.review.rate,CT,silent,,,,,,,,
labor.review.rate,Labor rate — review / redaction ($/hr),fee_profiles:labor.review.rate,FL,silent,,,,,,,,
labor.review.rate,Labor rate — review / redaction ($/hr),fee_profiles:labor.review.rate,GA,actual_cost_or_reasonable,ceiling,Requirement,,,GA-0016,O.C.G.A. § 50-18-71(c)(1),https://georgialibraries.org/librarylaws/Georgia%20Open%20Records%20Act%20(O.C.G.A.%20%C2%A7%C2%A7%2050-18-70%20through%2050-18-74).pdf,"An agency may impose a reasonable charge for search, retrieval, and redaction, but that charge shall not exceed the prorated hourly salary of the lowest paid full-time employee who, in the custodian's reasonable discreti"
labor.review.rate,Labor rate — review / redaction ($/hr),fee_profiles:labor.review.rate,ID,rule_without_value,ceiling,Calculation,,,ID-0020 ID-0018,Idaho Code § 74-102(10)(a) | Idaho Code § 74-102(10)(e),https://legislature.idaho.gov/statutesrules/idstat/Title74/T74CH1/SECT74-102/,"Fees for resident requests shall not exceed reasonable labor costs necessarily incurred, charged at the per-hour pay rate of the lowest-paid administrative staff employee or public official of the agency."
labor.review.rate,Labor rate — review / redaction ($/hr),fee_profiles:labor.review.rate,IL,rule_without_value,,Prohibition,,,IL-0032,5 ILCS 140/6(a),https://www.ilga.gov/documents/legislation/ilcs/documents/000501400K6.htm,A public body may not charge the requester for the cost of any search for and review of the records.
labor.review.rate,Labor rate — review / redaction ($/hr),fee_profiles:labor.review.rate,IN,silent,,,,,,,,
labor.review.rate,Labor rate — review / redaction ($/hr),fee_profiles:labor.review.rate,KS,actual_cost_or_reasonable,ceiling,Calculation/Permission,Statute,,KS-0035 KS-0038,K.S.A. 45-219(c)(1) | K.S.A. 45-219(c)(3),https://ksrevisor.gov/statutes/chapters/ch45/045_002_0019.html,Actual costs may include the cost to review and redact the requested records but shall not include incidental costs not attributable to furnishing the requested records.
labor.review.rate,Labor rate — review / redaction ($/hr),fee_profiles:labor.review.rate,LA,rule_without_value,soft-standard,Prohibition/Requirement,Statute,,LA-0027 LA-0014,La. R.S. 44:32(B) | La. R.S. 44:32(C)(3),https://www.legis.la.gov/Legis/Law.aspx?d=99691,"When examination is conducted outside regular working hours, persons representing the custodian are entitled to reasonable compensation, paid by the public body and funded in advance by the party demanding the extraordin"
labor.review.rate,Labor rate — review / redaction ($/hr),fee_profiles:labor.review.rate,MA,value_present,ceiling,Calculation/Permission/Prohibition,Statute,$25 | 2 hours | 4 hours,MA-0032 MA-0033 MA-0037 MA-0036,"M.G.L. c. 66, § 10(d)(ii) | M.G.L. c. 66, § 10(d)(ii)(C), (iii)(C) | M.G.L. c. 66, § 10(d)(iii) | M.G.L. c. 66, § 10(d)(iv)",https://malegislature.gov/Laws/GeneralLaws/PartI/TitleX/Chapter66/Section10,"For a municipality, the hourly labor rate must equal or be less than the lowest-paid capable employee's rate and shall not exceed $25 per hour, unless a higher rate is approved by the Supervisor."
labor.review.rate,Labor rate — review / redaction ($/hr),fee_profiles:labor.review.rate,MI,value_present,ceiling,Calculation/Exception/Permission/Prohibition,,15 minutes | 50%,MI-0034 MI-0035 MI-0036 MI-0039 MI-0041 MI-0042 MI-0032 MI-0046 MI-0050,Mich. Comp. Laws § 15.234(1)(a) | Mich. Comp. Laws § 15.234(1)(b) | Mich. Comp. Laws § 15.234(1)(e) | Mich. Comp. Laws § 15.234(2),https://www.legislature.mi.gov/Laws/MCL?objectName=MCL-15-234,"Labor for searching, locating, and examining records may not be charged at more than the hourly wage of the public body's lowest-paid employee capable of doing so, regardless of who performs the labor."
labor.review.rate,Labor rate — review / redaction ($/hr),fee_profiles:labor.review.rate,MN,actual_cost_or_reasonable,ceiling,Permission,,,MN-0008,"Minn. Stat. § 13.03, subd. 3(c)",https://www.revisor.mn.gov/statutes/cite/13.03,"When copies or electronic transmittal are requested, the responsible authority may require payment of the actual costs of searching for and retrieving the data, including employee time."
labor.review.rate,Labor rate — review / redaction ($/hr),fee_profiles:labor.review.rate,MO,actual_cost_or_reasonable,ceiling,Calculation/Permission,,,MO-0019 MO-0020,"§ 610.026.1(1), RSMo",https://revisor.mo.gov/main/OneSection.aspx?section=610.026,The hourly fee charged for duplicating time shall not exceed the average hourly rate of pay for clerical staff of the public governmental body.
labor.review.rate,Labor rate — review / redaction ($/hr),fee_profiles:labor.review.rate,NC,rule_without_value,fixed,Requirement,Statute,,NC-0010,N.C. Gen. Stat. § 132-6(c),https://www.ncleg.gov/EnactedLegislation/Statutes/HTML/BySection/Chapter_132/GS_132-6.html,"When separation of confidential from nonconfidential information is necessary to permit access, the public agency bears the cost of separation."
labor.review.rate,Labor rate — review / redaction ($/hr),fee_profiles:labor.review.rate,NE,silent,,,,,,,,
labor.review.rate,Labor rate — review / redaction ($/hr),fee_profiles:labor.review.rate,NJ,silent,,,,,,,,
labor.review.rate,Labor rate — review / redaction ($/hr),fee_profiles:labor.review.rate,NV,delegated_to_regulation_or_schedule,,Prohibition,,,NV-0022,Nev. Rev. Stat. § 239.052(1),https://www.leg.state.nv.us/nrs/nrs-239.html,A governmental entity must not charge a fee for a copy if a specific statute or regulation requires it to provide the copy without charge.
labor.review.rate,Labor rate — review / redaction ($/hr),fee_profiles:labor.review.rate,NY,actual_cost_or_reasonable,fixed,Calculation/Exception/Prohibition,Statute,,NY-0027 NY-0028 NY-0026 NY-0029,N.Y. Pub. Off. Law § 87(1)(b)(iii)(2) | N.Y. Pub. Off. Law § 87(1)(c)(i) | N.Y. Pub. Off. Law § 87(1)(c)(iv),https://www.nysenate.gov/legislation/laws/PBO/87,Actual reproduction cost may include only the hourly salary attributed to the lowest-paid agency employee who has the necessary skill to prepare the copy.
labor.review.rate,Labor rate — review / redaction ($/hr),fee_profiles:labor.review.rate,OH,silent,,,,,,,,
labor.review.rate,Labor rate — review / redaction ($/hr),fee_profiles:labor.review.rate,OK,silent,,,,,,,,
labor.review.rate,Labor rate — review / redaction ($/hr),fee_profiles:labor.review.rate,OR,rule_without_value,,Permission,,,OR-0021,Or. Rev. Stat. § 192.324(4)(b),https://www.oregonlegislature.gov/bills_laws/ors/ors192.html,"A public body may include in the fee the cost of attorney time spent reviewing, redacting, or segregating records into exempt and nonexempt, but may NOT include attorney time spent determining the application of ORS 192."
labor.review.rate,Labor rate — review / redaction ($/hr),fee_profiles:labor.review.rate,PA,rule_without_value,fixed,Prohibition,Statute,,PA-0042,65 P.S. § 67.1307(g),https://www.legis.state.pa.us/WU01/LI/LI/US/HTM/2008/0/0003..HTM,"No fee may be imposed for an agency's review of a record to determine whether it is a public, legislative or financial record subject to access."
labor.review.rate,Labor rate — review / redaction ($/hr),fee_profiles:labor.review.rate,SC,actual_cost_or_reasonable,ceiling,Permission/Prohibition/Requirement,,,SC-0007 SC-0008 SC-0011,S.C. Code Ann. § 30-4-30(B),https://www.scstatehouse.gov/code/t30c004.php,"A public body may establish and collect reasonable fees not to exceed the actual cost of the search, retrieval, and redaction of records."
labor.review.rate,Labor rate — review / redaction ($/hr),fee_profiles:labor.review.rate,TN,rule_without_value,floor,Calculation,Official Guidance,,TN-0032 TN-0033,"OORC Schedule of Reasonable Charges § IV.C | OORC Schedule of Reasonable Charges §§ IV.B, IV.D, IV.E",https://www.comptroller.tn.gov/content/dam/cot/orc/documents/oorc/policies-and-guidelines/ScheduleofReasonableCharges.pdf,"The labor threshold is the first (1st) hour of labor reasonably necessary to produce requested material; a governmental entity may adopt a higher threshold, and labor may be charged only for time exceeding the threshold."
labor.review.rate,Labor rate — review / redaction ($/hr),fee_profiles:labor.review.rate,TX,silent,,,,,,,,
labor.review.rate,Labor rate — review / redaction ($/hr),fee_profiles:labor.review.rate,UT,rule_without_value,ceiling,Calculation/Prohibition,Statute,,UT-0031 UT-0034,Utah Code § 63G-2-203(2)(b) | Utah Code § 63G-2-203(5)(b)(i),https://le.utah.gov/xcode/Title63G/Chapter2/63G-2-S203.html,An hourly staff-time charge may not exceed the salary of the lowest paid employee who has the necessary skill and training to perform the request.
labor.review.rate,Labor rate — review / redaction ($/hr),fee_profiles:labor.review.rate,VA,rule_without_value,,Prohibition,,,VA-0023,Va. Code § 2.2-3704(F),https://law.lis.virginia.gov/vacode/title2.2/chapter37/section2.2-3704/,"No public body shall impose extraneous, intermediary, or surplus fees or expenses to recoup the general costs of creating or maintaining records or transacting the general business of the public body."
labor.review.rate,Labor rate — review / redaction ($/hr),fee_profiles:labor.review.rate,WA,rule_without_value,fixed,Prohibition,,,WA-0026,RCW 42.56.120(2)(e),https://app.leg.wa.gov/RCW/default.aspx?cite=42.56.120,An agency may not impose copying charges for access to or downloading of records it routinely posts on its public internet website.
labor.review.rate,Labor rate — review / redaction ($/hr),fee_profiles:labor.review.rate,WI,value_present,ceiling,Permission/Prohibition,Appellate Decision/Statute,"$10,000",WI-0041 WI-0033,"Milwaukee Journal Sentinel v. City of Milwaukee, 2012 WI 65, 341 Wis. 2d 607 | Wis. Stat. § 19.35(3)(am), created by 2023 Wis. Act 253",https://docs.legis.wisconsin.gov/2023/related/acts/253 https://docs.legis.wisconsin.gov/statutes/statutes/19/ii/35,"A law enforcement agency may impose a fee for the actual, necessary and direct cost of redacting recorded audio or video content to the extent redaction is required by law, but may not charge if: the requester (an indivi"
labor.programming.rate,Labor rate — programming / data extraction ($/hr),fee_profiles:labor.programming.rate,AL,silent,,,,,,,,
labor.programming.rate,Labor rate — programming / data extraction ($/hr),fee_profiles:labor.programming.rate,AZ,silent,,,,,,,,
labor.programming.rate,Labor rate — programming / data extraction ($/hr),fee_profiles:labor.programming.rate,CA,silent,,,,,,,,
labor.programming.rate,Labor rate — programming / data extraction ($/hr),fee_profiles:labor.programming.rate,CO,rule_without_value,ceiling,Permission/Requirement,Statute,,CO-0018 CO-0020,C.R.S. § 24-72-205(6)(a),https://leg.colorado.gov/colorado-revised-statutes,"After the first hour, the custodian may charge a fee for research and retrieval of public records not to exceed thirty dollars per hour."
labor.programming.rate,Labor rate — programming / data extraction ($/hr),fee_profiles:labor.programming.rate,CT,silent,,,,,,,,
labor.programming.rate,Labor rate — programming / data extraction ($/hr),fee_profiles:labor.programming.rate,FL,actual_cost_or_reasonable,soft-standard,Calculation,,,FL-0025,"§ 119.07(4)(d), Fla. Stat.",https://www.flsenate.gov/Laws/Statutes/2024/119.07,"If the nature or volume of records requires extensive use of IT resources or extensive clerical/supervisory assistance, the agency may charge, in addition to actual duplication cost, a reasonable special service charge b"
labor.programming.rate,Labor rate — programming / data extraction ($/hr),fee_profiles:labor.programming.rate,GA,actual_cost_or_reasonable,ceiling,Requirement,,,GA-0016,O.C.G.A. § 50-18-71(c)(1),https://georgialibraries.org/librarylaws/Georgia%20Open%20Records%20Act%20(O.C.G.A.%20%C2%A7%C2%A7%2050-18-70%20through%2050-18-74).pdf,"An agency may impose a reasonable charge for search, retrieval, and redaction, but that charge shall not exceed the prorated hourly salary of the lowest paid full-time employee who, in the custodian's reasonable discreti"
labor.programming.rate,Labor rate — programming / data extraction ($/hr),fee_profiles:labor.programming.rate,ID,rule_without_value,ceiling,Calculation,,,ID-0020,Idaho Code § 74-102(10)(e),https://legislature.idaho.gov/statutesrules/idstat/Title74/T74CH1/SECT74-102/,"Fees for resident requests shall not exceed reasonable labor costs necessarily incurred, charged at the per-hour pay rate of the lowest-paid administrative staff employee or public official of the agency."
labor.programming.rate,Labor rate — programming / data extraction ($/hr),fee_profiles:labor.programming.rate,IL,value_present,ceiling,Calculation,,$100 | $20 | $40,IL-0038,5 ILCS 140/6(a-5),https://www.ilga.gov/documents/legislation/ilcs/documents/000501400K6.htm,"For a voluminous request for electronic records, a public body may charge tiered caps by data size: for non-PDF data up to $20 (<=2 MB), $40 (2-4 MB), or $100 (>4 MB); for PDF data up to $20 (<=80 MB), $40 (80-160 MB), o"
labor.programming.rate,Labor rate — programming / data extraction ($/hr),fee_profiles:labor.programming.rate,IN,actual_cost_or_reasonable,soft-standard,Permission,,,IN-0018,Ind. Code § 5-14-3-8(h),https://iga.in.gov/laws/2025/ic/titles/5#5-14-3-8,An agency may charge any reasonable fee agreed on in an enhanced-access contract under section 3.5 for providing enhanced access to public records.
labor.programming.rate,Labor rate — programming / data extraction ($/hr),fee_profiles:labor.programming.rate,KS,actual_cost_or_reasonable,ceiling,Calculation/Permission,Statute,,KS-0035 KS-0038,K.S.A. 45-219(c)(1) | K.S.A. 45-219(c)(3),https://ksrevisor.gov/statutes/chapters/ch45/045_002_0019.html,Actual costs may include the cost to review and redact the requested records but shall not include incidental costs not attributable to furnishing the requested records.
labor.programming.rate,Labor rate — programming / data extraction ($/hr),fee_profiles:labor.programming.rate,LA,rule_without_value,soft-standard,Requirement,Statute,,LA-0027,La. R.S. 44:32(B),https://www.legis.la.gov/Legis/Law.aspx?d=99691,"When examination is conducted outside regular working hours, persons representing the custodian are entitled to reasonable compensation, paid by the public body and funded in advance by the party demanding the extraordin"
labor.programming.rate,Labor rate — programming / data extraction ($/hr),fee_profiles:labor.programming.rate,MA,value_present,ceiling,Calculation/Permission,Statute,$25 | 2 hours | 4 hours,MA-0032 MA-0033 MA-0037,"M.G.L. c. 66, § 10(d)(ii) | M.G.L. c. 66, § 10(d)(iii) | M.G.L. c. 66, § 10(d)(iv)",https://malegislature.gov/Laws/GeneralLaws/PartI/TitleX/Chapter66/Section10,"For a municipality, the hourly labor rate must equal or be less than the lowest-paid capable employee's rate and shall not exceed $25 per hour, unless a higher rate is approved by the Supervisor."
labor.programming.rate,Labor rate — programming / data extraction ($/hr),fee_profiles:labor.programming.rate,MI,value_present,ceiling,Calculation/Permission/Prohibition,,15 minutes | 50%,MI-0034 MI-0035 MI-0036 MI-0039 MI-0041 MI-0042,Mich. Comp. Laws § 15.234(1)(a) | Mich. Comp. Laws § 15.234(1)(b) | Mich. Comp. Laws § 15.234(1)(e) | Mich. Comp. Laws § 15.234(2),https://www.legislature.mi.gov/Laws/MCL?objectName=MCL-15-234,"Labor for searching, locating, and examining records may not be charged at more than the hourly wage of the public body's lowest-paid employee capable of doing so, regardless of who performs the labor."
labor.programming.rate,Labor rate — programming / data extraction ($/hr),fee_profiles:labor.programming.rate,MN,actual_cost_or_reasonable,ceiling,Permission,,,MN-0008,"Minn. Stat. § 13.03, subd. 3(c)",https://www.revisor.mn.gov/statutes/cite/13.03,"When copies or electronic transmittal are requested, the responsible authority may require payment of the actual costs of searching for and retrieving the data, including employee time."
labor.programming.rate,Labor rate — programming / data extraction ($/hr),fee_profiles:labor.programming.rate,MO,actual_cost_or_reasonable,ceiling,Calculation/Permission,,,MO-0019 MO-0020,"§ 610.026.1(1), RSMo",https://revisor.mo.gov/main/OneSection.aspx?section=610.026,The hourly fee charged for duplicating time shall not exceed the average hourly rate of pay for clerical staff of the public governmental body.
labor.programming.rate,Labor rate — programming / data extraction ($/hr),fee_profiles:labor.programming.rate,NC,delegated_to_regulation_or_schedule,soft-standard,Permission/Requirement,Statute,,NC-0010 NC-0021 NC-0029,N.C. Gen. Stat. § 132-6(c) | N.C. Gen. Stat. § 132-6.2(b) | N.C. Gen. Stat. § 132-6.2(e),https://www.ncleg.gov/EnactedLegislation/Statutes/HTML/BySection/Chapter_132/GS_132-6.2.html https://www.ncleg.gov/EnactedLegislation/Statutes/HTML/BySection/Chapter_132/GS_132-6.html,"When separation of confidential from nonconfidential information is necessary to permit access, the public agency bears the cost of separation."
labor.programming.rate,Labor rate — programming / data extraction ($/hr),fee_profiles:labor.programming.rate,NE,silent,,,,,,,,
labor.programming.rate,Labor rate — programming / data extraction ($/hr),fee_profiles:labor.programming.rate,NJ,silent,,,,,,,,
labor.programming.rate,Labor rate — programming / data extraction ($/hr),fee_profiles:labor.programming.rate,NV,silent,,,,,,,,
labor.programming.rate,Labor rate — programming / data extraction ($/hr),fee_profiles:labor.programming.rate,NY,actual_cost_or_reasonable,fixed,Calculation,Statute,,NY-0027 NY-0028,N.Y. Pub. Off. Law § 87(1)(c)(i) | N.Y. Pub. Off. Law § 87(1)(c)(iv),https://www.nysenate.gov/legislation/laws/PBO/87,Actual reproduction cost may include only the hourly salary attributed to the lowest-paid agency employee who has the necessary skill to prepare the copy.
labor.programming.rate,Labor rate — programming / data extraction ($/hr),fee_profiles:labor.programming.rate,OH,silent,,,,,,,,
labor.programming.rate,Labor rate — programming / data extraction ($/hr),fee_profiles:labor.programming.rate,OK,silent,,,,,,,,
labor.programming.rate,Labor rate — programming / data extraction ($/hr),fee_profiles:labor.programming.rate,OR,rule_without_value,,Permission,,,OR-0021,Or. Rev. Stat. § 192.324(4)(b),https://www.oregonlegislature.gov/bills_laws/ors/ors192.html,"A public body may include in the fee the cost of attorney time spent reviewing, redacting, or segregating records into exempt and nonexempt, but may NOT include attorney time spent determining the application of ORS 192."
labor.programming.rate,Labor rate — programming / data extraction ($/hr),fee_profiles:labor.programming.rate,PA,defers_to_city,soft-standard,Permission,Statute,,PA-0045,65 P.S. § 67.1307(e),https://www.legis.state.pa.us/WU01/LI/LI/US/HTM/2008/0/0003..HTM,"If an agency offers enhanced electronic access to records in addition to the inspection-and-duplication access required by the act, it may establish user fees specifically for the provision of that enhanced electronic ac"
labor.programming.rate,Labor rate — programming / data extraction ($/hr),fee_profiles:labor.programming.rate,SC,actual_cost_or_reasonable,ceiling,Permission/Requirement,,,SC-0007 SC-0008,S.C. Code Ann. § 30-4-30(B),https://www.scstatehouse.gov/code/t30c004.php,"A public body may establish and collect reasonable fees not to exceed the actual cost of the search, retrieval, and redaction of records."
labor.programming.rate,Labor rate — programming / data extraction ($/hr),fee_profiles:labor.programming.rate,TN,rule_without_value,floor,Calculation,Official Guidance,,TN-0032 TN-0033,"OORC Schedule of Reasonable Charges § IV.C | OORC Schedule of Reasonable Charges §§ IV.B, IV.D, IV.E",https://www.comptroller.tn.gov/content/dam/cot/orc/documents/oorc/policies-and-guidelines/ScheduleofReasonableCharges.pdf,"The labor threshold is the first (1st) hour of labor reasonably necessary to produce requested material; a governmental entity may adopt a higher threshold, and labor may be charged only for time exceeding the threshold."
labor.programming.rate,Labor rate — programming / data extraction ($/hr),fee_profiles:labor.programming.rate,TX,silent,,,,,,,,
labor.programming.rate,Labor rate — programming / data extraction ($/hr),fee_profiles:labor.programming.rate,UT,rule_without_value,ceiling,Calculation,Statute,,UT-0031,Utah Code § 63G-2-203(2)(b),https://le.utah.gov/xcode/Title63G/Chapter2/63G-2-S203.html,An hourly staff-time charge may not exceed the salary of the lowest paid employee who has the necessary skill and training to perform the request.
labor.programming.rate,Labor rate — programming / data extraction ($/hr),fee_profiles:labor.programming.rate,VA,silent,,,,,,,,
labor.programming.rate,Labor rate — programming / data extraction ($/hr),fee_profiles:labor.programming.rate,WA,rule_without_value,,Permission,,,WA-0029,RCW 42.56.120(3),https://app.leg.wa.gov/RCW/default.aspx?cite=42.56.120,An agency may impose a customized service charge for a request that requires information-technology expertise to prepare data compilations or provide customized electronic access not used by the agency for other purposes
labor.programming.rate,Labor rate — programming / data extraction ($/hr),fee_profiles:labor.programming.rate,WI,value_present,ceiling,Permission,Statute,"$10,000",WI-0041,"Wis. Stat. § 19.35(3)(am), created by 2023 Wis. Act 253",https://docs.legis.wisconsin.gov/2023/related/acts/253,"A law enforcement agency may impose a fee for the actual, necessary and direct cost of redacting recorded audio or video content to the extent redaction is required by law, but may not charge if: the requester (an indivi"
labor.billableWhen,When labor is chargeable at all (never / always / only over N pages or N hours; paper-only scope),"fee_profiles:labor.*.billable / billableWhen{trigger,threshold,paperOnly}",AL,silent,,,,,,,,
labor.billableWhen,When labor is chargeable at all (never / always / only over N pages or N hours; paper-only scope),"fee_profiles:labor.*.billable / billableWhen{trigger,threshold,paperOnly}",AZ,silent,,,,,,,,
labor.billableWhen,When labor is chargeable at all (never / always / only over N pages or N hours; paper-only scope),"fee_profiles:labor.*.billable / billableWhen{trigger,threshold,paperOnly}",CA,rule_without_value,,Prohibition,,,CA-0024,"National Lawyers Guild, S.F. Bay Area Chapter v. City of Hayward (2020) 9 Cal.5th 488 (Appellate/Supreme Court Decision)",https://www.courts.ca.gov/opinions/documents/S252445.PDF,"For ordinary production of electronic records, an agency may not charge for the ancillary staff time of searching for and redacting/reviewing records; such time is chargeable only within the narrow data-extraction cost-s"
labor.billableWhen,When labor is chargeable at all (never / always / only over N pages or N hours; paper-only scope),"fee_profiles:labor.*.billable / billableWhen{trigger,threshold,paperOnly}",CO,rule_without_value,fixed,Permission/Prohibition/Requirement,Statute,,CO-0019 CO-0018 CO-0020 CO-0021,C.R.S. § 24-72-205(1)(b) | C.R.S. § 24-72-205(6)(a),https://leg.colorado.gov/colorado-revised-statutes,The custodian shall not impose any charge for the first hour of time expended in research and retrieval of public records.
labor.billableWhen,When labor is chargeable at all (never / always / only over N pages or N hours; paper-only scope),"fee_profiles:labor.*.billable / billableWhen{trigger,threshold,paperOnly}",CT,silent,,,,,,,,
labor.billableWhen,When labor is chargeable at all (never / always / only over N pages or N hours; paper-only scope),"fee_profiles:labor.*.billable / billableWhen{trigger,threshold,paperOnly}",FL,silent,,,,,,,,
labor.billableWhen,When labor is chargeable at all (never / always / only over N pages or N hours; paper-only scope),"fee_profiles:labor.*.billable / billableWhen{trigger,threshold,paperOnly}",GA,actual_cost_or_reasonable,fixed,Requirement,,,GA-0017 GA-0016,O.C.G.A. § 50-18-71(c)(1),https://georgialibraries.org/librarylaws/Georgia%20Open%20Records%20Act%20(O.C.G.A.%20%C2%A7%C2%A7%2050-18-70%20through%2050-18-74).pdf,"No labor charge may be made for the first quarter hour of search, retrieval, or redaction."
labor.billableWhen,When labor is chargeable at all (never / always / only over N pages or N hours; paper-only scope),"fee_profiles:labor.*.billable / billableWhen{trigger,threshold,paperOnly}",ID,rule_without_value,fixed,Calculation,,,ID-0017 ID-0020 ID-0018,Idaho Code § 74-102(10)(a) | Idaho Code § 74-102(10)(e),https://legislature.idaho.gov/statutesrules/idstat/Title74/T74CH1/SECT74-102/,No fee shall be charged for the first two (2) hours of labor in responding to a resident's public records request.
labor.billableWhen,When labor is chargeable at all (never / always / only over N pages or N hours; paper-only scope),"fee_profiles:labor.*.billable / billableWhen{trigger,threshold,paperOnly}",IL,value_present,fixed,Prohibition,,50 pages | 8 hours,IL-0027 IL-0036 IL-0032,5 ILCS 140/6(a) | 5 ILCS 140/6(b) | 5 ILCS 140/6(f),https://www.ilga.gov/documents/legislation/ilcs/documents/000501400K6.htm,"No fee may be charged for the first 50 pages of black-and-white, letter- or legal-sized copies requested."
labor.billableWhen,When labor is chargeable at all (never / always / only over N pages or N hours; paper-only scope),"fee_profiles:labor.*.billable / billableWhen{trigger,threshold,paperOnly}",IN,silent,,,,,,,,
labor.billableWhen,When labor is chargeable at all (never / always / only over N pages or N hours; paper-only scope),"fee_profiles:labor.*.billable / billableWhen{trigger,threshold,paperOnly}",KS,actual_cost_or_reasonable,ceiling,Calculation/Permission,Statute,,KS-0035 KS-0038,K.S.A. 45-219(c)(1) | K.S.A. 45-219(c)(3),https://ksrevisor.gov/statutes/chapters/ch45/045_002_0019.html,Actual costs may include the cost to review and redact the requested records but shall not include incidental costs not attributable to furnishing the requested records.
labor.billableWhen,When labor is chargeable at all (never / always / only over N pages or N hours; paper-only scope),"fee_profiles:labor.*.billable / billableWhen{trigger,threshold,paperOnly}",LA,rule_without_value,soft-standard,Prohibition/Requirement,Statute,,LA-0027 LA-0014,La. R.S. 44:32(B) | La. R.S. 44:32(C)(3),https://www.legis.la.gov/Legis/Law.aspx?d=99691,"When examination is conducted outside regular working hours, persons representing the custodian are entitled to reasonable compensation, paid by the public body and funded in advance by the party demanding the extraordin"
labor.billableWhen,When labor is chargeable at all (never / always / only over N pages or N hours; paper-only scope),"fee_profiles:labor.*.billable / billableWhen{trigger,threshold,paperOnly}",MA,value_present,fixed,Calculation/Permission/Prohibition,Statute,$25 | 2 hours | 4 hours,MA-0034 MA-0035 MA-0032 MA-0033 MA-0037 MA-0036,"M.G.L. c. 66, § 10(d)(ii) | M.G.L. c. 66, § 10(d)(ii)(B) | M.G.L. c. 66, § 10(d)(ii)(C), (iii)(C) | M.G.L. c. 66, § 10(d)(iii)",https://malegislature.gov/Laws/GeneralLaws/PartI/TitleX/Chapter66/Section10,"For a municipality with a population over 20,000, no labor fee may be assessed for the first 2 hours of work performed."
labor.billableWhen,When labor is chargeable at all (never / always / only over N pages or N hours; paper-only scope),"fee_profiles:labor.*.billable / billableWhen{trigger,threshold,paperOnly}",MI,value_present,ceiling,Calculation/Exception/Permission/Prohibition,,15 minutes | 50%,MI-0034 MI-0035 MI-0036 MI-0039 MI-0041 MI-0042 MI-0032 MI-0046 MI-0050,Mich. Comp. Laws § 15.234(1)(a) | Mich. Comp. Laws § 15.234(1)(b) | Mich. Comp. Laws § 15.234(1)(e) | Mich. Comp. Laws § 15.234(2),https://www.legislature.mi.gov/Laws/MCL?objectName=MCL-15-234,"Labor for searching, locating, and examining records may not be charged at more than the hourly wage of the public body's lowest-paid employee capable of doing so, regardless of who performs the labor."
labor.billableWhen,When labor is chargeable at all (never / always / only over N pages or N hours; paper-only scope),"fee_profiles:labor.*.billable / billableWhen{trigger,threshold,paperOnly}",MN,actual_cost_or_reasonable,ceiling,Permission,,,MN-0008,"Minn. Stat. § 13.03, subd. 3(c)",https://www.revisor.mn.gov/statutes/cite/13.03,"When copies or electronic transmittal are requested, the responsible authority may require payment of the actual costs of searching for and retrieving the data, including employee time."
labor.billableWhen,When labor is chargeable at all (never / always / only over N pages or N hours; paper-only scope),"fee_profiles:labor.*.billable / billableWhen{trigger,threshold,paperOnly}",MO,actual_cost_or_reasonable,ceiling,Calculation/Permission,,,MO-0019 MO-0020,"§ 610.026.1(1), RSMo",https://revisor.mo.gov/main/OneSection.aspx?section=610.026,The hourly fee charged for duplicating time shall not exceed the average hourly rate of pay for clerical staff of the public governmental body.
labor.billableWhen,When labor is chargeable at all (never / always / only over N pages or N hours; paper-only scope),"fee_profiles:labor.*.billable / billableWhen{trigger,threshold,paperOnly}",NC,rule_without_value,fixed,Requirement,Statute,,NC-0010,N.C. Gen. Stat. § 132-6(c),https://www.ncleg.gov/EnactedLegislation/Statutes/HTML/BySection/Chapter_132/GS_132-6.html,"When separation of confidential from nonconfidential information is necessary to permit access, the public agency bears the cost of separation."
labor.billableWhen,When labor is chargeable at all (never / always / only over N pages or N hours; paper-only scope),"fee_profiles:labor.*.billable / billableWhen{trigger,threshold,paperOnly}",NE,rule_without_value,fixed,Prohibition,Statute,,NE-0020,Neb. Rev. Stat. § 84-712(1),https://nebraskalegislature.gov/laws/statutes.php?statute=84-712,"For a Nebraska resident's request, the actual added cost used to calculate a fee shall not include any charge for existing salary/pay obligations for the first eight cumulative hours of searching, identifying, physically"
labor.billableWhen,When labor is chargeable at all (never / always / only over N pages or N hours; paper-only scope),"fee_profiles:labor.*.billable / billableWhen{trigger,threshold,paperOnly}",NJ,silent,,,,,,,,
labor.billableWhen,When labor is chargeable at all (never / always / only over N pages or N hours; paper-only scope),"fee_profiles:labor.*.billable / billableWhen{trigger,threshold,paperOnly}",NV,delegated_to_regulation_or_schedule,,Prohibition,,,NV-0022,Nev. Rev. Stat. § 239.052(1),https://www.leg.state.nv.us/nrs/nrs-239.html,A governmental entity must not charge a fee for a copy if a specific statute or regulation requires it to provide the copy without charge.
labor.billableWhen,When labor is chargeable at all (never / always / only over N pages or N hours; paper-only scope),"fee_profiles:labor.*.billable / billableWhen{trigger,threshold,paperOnly}",NY,actual_cost_or_reasonable,fixed,Calculation/Exception/Prohibition,Statute,,NY-0027 NY-0028 NY-0026 NY-0029,N.Y. Pub. Off. Law § 87(1)(b)(iii)(2) | N.Y. Pub. Off. Law § 87(1)(c)(i) | N.Y. Pub. Off. Law § 87(1)(c)(iv),https://www.nysenate.gov/legislation/laws/PBO/87,Actual reproduction cost may include only the hourly salary attributed to the lowest-paid agency employee who has the necessary skill to prepare the copy.
labor.billableWhen,When labor is chargeable at all (never / always / only over N pages or N hours; paper-only scope),"fee_profiles:labor.*.billable / billableWhen{trigger,threshold,paperOnly}",OH,silent,,,,,,,,
labor.billableWhen,When labor is chargeable at all (never / always / only over N pages or N hours; paper-only scope),"fee_profiles:labor.*.billable / billableWhen{trigger,threshold,paperOnly}",OK,silent,,,,,,,,
labor.billableWhen,When labor is chargeable at all (never / always / only over N pages or N hours; paper-only scope),"fee_profiles:labor.*.billable / billableWhen{trigger,threshold,paperOnly}",OR,rule_without_value,,Permission,,,OR-0021,Or. Rev. Stat. § 192.324(4)(b),https://www.oregonlegislature.gov/bills_laws/ors/ors192.html,"A public body may include in the fee the cost of attorney time spent reviewing, redacting, or segregating records into exempt and nonexempt, but may NOT include attorney time spent determining the application of ORS 192."
labor.billableWhen,When labor is chargeable at all (never / always / only over N pages or N hours; paper-only scope),"fee_profiles:labor.*.billable / billableWhen{trigger,threshold,paperOnly}",PA,rule_without_value,fixed,Prohibition,Statute,,PA-0042,65 P.S. § 67.1307(g),https://www.legis.state.pa.us/WU01/LI/LI/US/HTM/2008/0/0003..HTM,"No fee may be imposed for an agency's review of a record to determine whether it is a public, legislative or financial record subject to access."
labor.billableWhen,When labor is chargeable at all (never / always / only over N pages or N hours; paper-only scope),"fee_profiles:labor.*.billable / billableWhen{trigger,threshold,paperOnly}",SC,actual_cost_or_reasonable,ceiling,Permission/Prohibition/Requirement,,,SC-0007 SC-0008 SC-0011,S.C. Code Ann. § 30-4-30(B),https://www.scstatehouse.gov/code/t30c004.php,"A public body may establish and collect reasonable fees not to exceed the actual cost of the search, retrieval, and redaction of records."
labor.billableWhen,When labor is chargeable at all (never / always / only over N pages or N hours; paper-only scope),"fee_profiles:labor.*.billable / billableWhen{trigger,threshold,paperOnly}",TN,rule_without_value,floor,Calculation,Official Guidance,,TN-0032 TN-0033,"OORC Schedule of Reasonable Charges § IV.C | OORC Schedule of Reasonable Charges §§ IV.B, IV.D, IV.E",https://www.comptroller.tn.gov/content/dam/cot/orc/documents/oorc/policies-and-guidelines/ScheduleofReasonableCharges.pdf,"The labor threshold is the first (1st) hour of labor reasonably necessary to produce requested material; a governmental entity may adopt a higher threshold, and labor may be charged only for time exceeding the threshold."
labor.billableWhen,When labor is chargeable at all (never / always / only over N pages or N hours; paper-only scope),"fee_profiles:labor.*.billable / billableWhen{trigger,threshold,paperOnly}",TX,value_present,floor,Calculation,Statute,15 hours | 36 hours,TX-0026 TX-0031,"Tex. Gov't Code § 552.261(a) | Tex. Gov't Code § 552.275(a), (b)",https://statutes.capitol.texas.gov/Docs/GV/htm/GV.552.htm#552.261 https://statutes.capitol.texas.gov/Docs/GV/htm/GV.552.htm#552.275,"For a request of 50 or fewer pages of paper records, the charge may not include materials, labor, or overhead and is limited to the per-page photocopy charge, unless the pages are in two-or-more unconnected buildings or "
labor.billableWhen,When labor is chargeable at all (never / always / only over N pages or N hours; paper-only scope),"fee_profiles:labor.*.billable / billableWhen{trigger,threshold,paperOnly}",UT,rule_without_value,fixed,Calculation/Exception/Prohibition,Statute,,UT-0035 UT-0036 UT-0031 UT-0034,Utah Code § 63G-2-203(2)(b) | Utah Code § 63G-2-203(5)(b)(i) | Utah Code § 63G-2-203(5)(b)(iii) | Utah Code § 63G-2-203(5)(c),https://le.utah.gov/xcode/Title63G/Chapter2/63G-2-S203.html,An entity may not charge a fee for the first quarter hour of staff time spent responding to a request.
labor.billableWhen,When labor is chargeable at all (never / always / only over N pages or N hours; paper-only scope),"fee_profiles:labor.*.billable / billableWhen{trigger,threshold,paperOnly}",VA,rule_without_value,,Prohibition,,,VA-0023,Va. Code § 2.2-3704(F),https://law.lis.virginia.gov/vacode/title2.2/chapter37/section2.2-3704/,"No public body shall impose extraneous, intermediary, or surplus fees or expenses to recoup the general costs of creating or maintaining records or transacting the general business of the public body."
labor.billableWhen,When labor is chargeable at all (never / always / only over N pages or N hours; paper-only scope),"fee_profiles:labor.*.billable / billableWhen{trigger,threshold,paperOnly}",WA,rule_without_value,fixed,Prohibition,,,WA-0026,RCW 42.56.120(2)(e),https://app.leg.wa.gov/RCW/default.aspx?cite=42.56.120,An agency may not impose copying charges for access to or downloading of records it routinely posts on its public internet website.
labor.billableWhen,When labor is chargeable at all (never / always / only over N pages or N hours; paper-only scope),"fee_profiles:labor.*.billable / billableWhen{trigger,threshold,paperOnly}",WI,value_present,ceiling,Permission/Prohibition,Appellate Decision/Statute,"$10,000",WI-0041 WI-0033,"Milwaukee Journal Sentinel v. City of Milwaukee, 2012 WI 65, 341 Wis. 2d 607 | Wis. Stat. § 19.35(3)(am), created by 2023 Wis. Act 253",https://docs.legis.wisconsin.gov/2023/related/acts/253 https://docs.legis.wisconsin.gov/statutes/statutes/19/ii/35,"A law enforcement agency may impose a fee for the actual, necessary and direct cost of redacting recorded audio or video content to the extent redaction is required by law, but may not charge if: the requester (an indivi"
labor.overheadPct,Overhead / fringe surcharge on labor (%),fee_profiles:labor.overheadPct,AL,silent,,,,,,,,
labor.overheadPct,Overhead / fringe surcharge on labor (%),fee_profiles:labor.overheadPct,AZ,silent,,,,,,,,
labor.overheadPct,Overhead / fringe surcharge on labor (%),fee_profiles:labor.overheadPct,CA,actual_cost_or_reasonable,ceiling,Permission,,,CA-0021,Cal. Gov. Code § 7922.530(a) (Statute),https://leginfo.legislature.ca.gov/faces/codes_displaySection.xhtml?sectionNum=7922.530&lawCode=GOV,"Fees for copies of records are limited to fees covering the direct costs of duplication, or a statutory fee if one applies."
labor.overheadPct,Overhead / fringe surcharge on labor (%),fee_profiles:labor.overheadPct,CO,rule_without_value,ceiling,Permission/Requirement,Statute,,CO-0018 CO-0020,C.R.S. § 24-72-205(6)(a),https://leg.colorado.gov/colorado-revised-statutes,"After the first hour, the custodian may charge a fee for research and retrieval of public records not to exceed thirty dollars per hour."
labor.overheadPct,Overhead / fringe surcharge on labor (%),fee_profiles:labor.overheadPct,CT,silent,,,,,,,,
labor.overheadPct,Overhead / fringe surcharge on labor (%),fee_profiles:labor.overheadPct,FL,actual_cost_or_reasonable,,Definition,,,FL-0023,"§ 119.011(1), Fla. Stat.",https://www.flsenate.gov/Laws/Statutes/2024/119.011,"'Actual cost of duplication' means the cost of the material and supplies used to duplicate the record, and does not include labor cost or overhead cost associated with such duplication."
labor.overheadPct,Overhead / fringe surcharge on labor (%),fee_profiles:labor.overheadPct,GA,actual_cost_or_reasonable,ceiling,Requirement,,,GA-0016 GA-0020,O.C.G.A. § 50-18-71(c)(1),https://georgialibraries.org/librarylaws/Georgia%20Open%20Records%20Act%20(O.C.G.A.%20%C2%A7%C2%A7%2050-18-70%20through%2050-18-74).pdf,"An agency may impose a reasonable charge for search, retrieval, and redaction, but that charge shall not exceed the prorated hourly salary of the lowest paid full-time employee who, in the custodian's reasonable discreti"
labor.overheadPct,Overhead / fringe surcharge on labor (%),fee_profiles:labor.overheadPct,ID,actual_cost_or_reasonable,ceiling,Calculation,,,ID-0020 ID-0019 ID-0022,Idaho Code § 74-102(10) | Idaho Code § 74-102(10)(c) | Idaho Code § 74-102(10)(e),https://legislature.idaho.gov/statutesrules/idstat/Title74/T74CH1/SECT74-102/,"Fees for resident requests shall not exceed reasonable labor costs necessarily incurred, charged at the per-hour pay rate of the lowest-paid administrative staff employee or public official of the agency."
labor.overheadPct,Overhead / fringe surcharge on labor (%),fee_profiles:labor.overheadPct,IL,silent,,,,,,,,
labor.overheadPct,Overhead / fringe surcharge on labor (%),fee_profiles:labor.overheadPct,IN,silent,,,,,,,,
labor.overheadPct,Overhead / fringe surcharge on labor (%),fee_profiles:labor.overheadPct,KS,actual_cost_or_reasonable,ceiling,Calculation/Permission/Requirement,Statute,,KS-0035 KS-0038 KS-0034 KS-0037 KS-0040,K.S.A. 45-219(b) | K.S.A. 45-219(c)(1) | K.S.A. 45-219(c)(3),https://ksrevisor.gov/statutes/chapters/ch45/045_002_0019.html,Actual costs may include the cost to review and redact the requested records but shall not include incidental costs not attributable to furnishing the requested records.
labor.overheadPct,Overhead / fringe surcharge on labor (%),fee_profiles:labor.overheadPct,LA,rule_without_value,soft-standard,Requirement,Statute,,LA-0027,La. R.S. 44:32(B),https://www.legis.la.gov/Legis/Law.aspx?d=99691,"When examination is conducted outside regular working hours, persons representing the custodian are entitled to reasonable compensation, paid by the public body and funded in advance by the party demanding the extraordin"
labor.overheadPct,Overhead / fringe surcharge on labor (%),fee_profiles:labor.overheadPct,MA,value_present,ceiling,Calculation/Permission,Statute,$25 | 2 hours | 4 hours,MA-0032 MA-0033 MA-0037 MA-0029,"M.G.L. c. 66, § 10(d) | M.G.L. c. 66, § 10(d)(ii) | M.G.L. c. 66, § 10(d)(iii) | M.G.L. c. 66, § 10(d)(iv)",https://malegislature.gov/Laws/GeneralLaws/PartI/TitleX/Chapter66/Section10,"For a municipality, the hourly labor rate must equal or be less than the lowest-paid capable employee's rate and shall not exceed $25 per hour, unless a higher rate is approved by the Supervisor."
labor.overheadPct,Overhead / fringe surcharge on labor (%),fee_profiles:labor.overheadPct,MI,value_present,ceiling,Calculation/Permission/Prohibition,,15 minutes | 50%,MI-0034 MI-0035 MI-0036 MI-0039 MI-0041 MI-0042 MI-0033,Mich. Comp. Laws § 15.234(1) | Mich. Comp. Laws § 15.234(1)(a) | Mich. Comp. Laws § 15.234(1)(b) | Mich. Comp. Laws § 15.234(1)(e),https://www.legislature.mi.gov/Laws/MCL?objectName=MCL-15-234,"Labor for searching, locating, and examining records may not be charged at more than the hourly wage of the public body's lowest-paid employee capable of doing so, regardless of who performs the labor."
labor.overheadPct,Overhead / fringe surcharge on labor (%),fee_profiles:labor.overheadPct,MN,actual_cost_or_reasonable,ceiling,Permission,,,MN-0008,"Minn. Stat. § 13.03, subd. 3(c)",https://www.revisor.mn.gov/statutes/cite/13.03,"When copies or electronic transmittal are requested, the responsible authority may require payment of the actual costs of searching for and retrieving the data, including employee time."
labor.overheadPct,Overhead / fringe surcharge on labor (%),fee_profiles:labor.overheadPct,MO,actual_cost_or_reasonable,ceiling,Calculation/Permission/Requirement,,,MO-0019 MO-0020 MO-0021,"§ 610.026.1(1), RSMo",https://revisor.mo.gov/main/OneSection.aspx?section=610.026,The hourly fee charged for duplicating time shall not exceed the average hourly rate of pay for clerical staff of the public governmental body.
labor.overheadPct,Overhead / fringe surcharge on labor (%),fee_profiles:labor.overheadPct,NC,actual_cost_or_reasonable,fixed,Requirement,Statute,,NC-0010 NC-0019,N.C. Gen. Stat. § 132-6(c) | N.C. Gen. Stat. § 132-6.2(b),https://www.ncleg.gov/EnactedLegislation/Statutes/HTML/BySection/Chapter_132/GS_132-6.2.html https://www.ncleg.gov/EnactedLegislation/Statutes/HTML/BySection/Chapter_132/GS_132-6.html,"When separation of confidential from nonconfidential information is necessary to permit access, the public agency bears the cost of separation."
labor.overheadPct,Overhead / fringe surcharge on labor (%),fee_profiles:labor.overheadPct,NE,rule_without_value,ceiling,Calculation,Statute,,NE-0019,Neb. Rev. Stat. § 84-712(1),https://nebraskalegislature.gov/laws/statutes.php?statute=84-712,"A custodian may charge a fee for providing copies, but the fee shall not exceed the actual added cost of making the copies available."
labor.overheadPct,Overhead / fringe surcharge on labor (%),fee_profiles:labor.overheadPct,NJ,silent,,,,,,,,
labor.overheadPct,Overhead / fringe surcharge on labor (%),fee_profiles:labor.overheadPct,NV,actual_cost_or_reasonable,,Definition,,,NV-0021,Nev. Rev. Stat. § 239.005(1),https://www.leg.state.nv.us/nrs/nrs-239.html,"'Actual cost' means direct cost of providing the copy (ink, toner, paper, media, postage) and excludes any cost the entity incurs regardless of whether a copy is requested."
labor.overheadPct,Overhead / fringe surcharge on labor (%),fee_profiles:labor.overheadPct,NY,actual_cost_or_reasonable,fixed,Calculation,Statute,,NY-0027 NY-0028 NY-0025 NY-0030,N.Y. Pub. Off. Law § 87(1)(b)(iii)(1) | N.Y. Pub. Off. Law § 87(1)(c)(i) | N.Y. Pub. Off. Law § 87(1)(c)(iii) | N.Y. Pub. Off. Law § 87(1)(c)(iv),https://www.nysenate.gov/legislation/laws/PBO/87,Actual reproduction cost may include only the hourly salary attributed to the lowest-paid agency employee who has the necessary skill to prepare the copy.
labor.overheadPct,Overhead / fringe surcharge on labor (%),fee_profiles:labor.overheadPct,OH,silent,,,,,,,,
labor.overheadPct,Overhead / fringe surcharge on labor (%),fee_profiles:labor.overheadPct,OK,actual_cost_or_reasonable,ceiling,Calculation,,,OK-0016,"Okla. Stat. tit. 51, § 24A.5(4)",https://www.oscn.net/applications/oscn/deliverdocument.asp?citeid=80292,"A public body may charge a fee only to recover the reasonable, direct costs of record copying or mechanical reproduction."
labor.overheadPct,Overhead / fringe surcharge on labor (%),fee_profiles:labor.overheadPct,OR,actual_cost_or_reasonable,soft-standard,Permission,,,OR-0021 OR-0020,Or. Rev. Stat. § 192.324(4)(a) | Or. Rev. Stat. § 192.324(4)(b),https://www.oregonlegislature.gov/bills_laws/ors/ors192.html,"A public body may include in the fee the cost of attorney time spent reviewing, redacting, or segregating records into exempt and nonexempt, but may NOT include attorney time spent determining the application of ORS 192."
labor.overheadPct,Overhead / fringe surcharge on labor (%),fee_profiles:labor.overheadPct,PA,silent,,,,,,,,
labor.overheadPct,Overhead / fringe surcharge on labor (%),fee_profiles:labor.overheadPct,SC,actual_cost_or_reasonable,ceiling,Permission/Requirement,,,SC-0007 SC-0008 SC-0014,S.C. Code Ann. § 30-4-30(B),https://www.scstatehouse.gov/code/t30c004.php,"A public body may establish and collect reasonable fees not to exceed the actual cost of the search, retrieval, and redaction of records."
labor.overheadPct,Overhead / fringe surcharge on labor (%),fee_profiles:labor.overheadPct,TN,value_present,soft-standard,Calculation/Requirement,Official Guidance,$0.15 | $0.50 | 15 cents | 50 cents,TN-0032 TN-0033 TN-0019 TN-0031,"OORC Schedule of Reasonable Charges § II.C | OORC Schedule of Reasonable Charges § III.A | OORC Schedule of Reasonable Charges § IV.C | OORC Schedule of Reasonable Charges §§ IV.B, IV.D, IV.E",https://www.comptroller.tn.gov/content/dam/cot/orc/documents/oorc/policies-and-guidelines/ScheduleofReasonableCharges.pdf,"The labor threshold is the first (1st) hour of labor reasonably necessary to produce requested material; a governmental entity may adopt a higher threshold, and labor may be charged only for time exceeding the threshold."
labor.overheadPct,Overhead / fringe surcharge on labor (%),fee_profiles:labor.overheadPct,TX,silent,,,,,,,,
labor.overheadPct,Overhead / fringe surcharge on labor (%),fee_profiles:labor.overheadPct,UT,actual_cost_or_reasonable,ceiling,Calculation/Permission,Statute,,UT-0031 UT-0028 UT-0029,Utah Code § 63G-2-203(1) | Utah Code § 63G-2-203(2)(a) | Utah Code § 63G-2-203(2)(b),https://le.utah.gov/xcode/Title63G/Chapter2/63G-2-S203.html,An hourly staff-time charge may not exceed the salary of the lowest paid employee who has the necessary skill and training to perform the request.
labor.overheadPct,Overhead / fringe surcharge on labor (%),fee_profiles:labor.overheadPct,VA,actual_cost_or_reasonable,ceiling,Permission/Requirement,,,VA-0021 VA-0022 VA-0024,Va. Code § 2.2-3704(F),https://law.lis.virginia.gov/vacode/title2.2/chapter37/section2.2-3704/,"A public body may make reasonable charges not to exceed its actual cost incurred in accessing, duplicating, supplying, or searching for the requested records."
labor.overheadPct,Overhead / fringe surcharge on labor (%),fee_profiles:labor.overheadPct,WA,defers_to_city,ceiling,Calculation/Permission/Prohibition,,,WA-0020 WA-0027 WA-0028,RCW 42.56.070(7)(b) | RCW 42.56.070(7); RCW 42.56.120(2)(a) | RCW 42.56.120(1),https://app.leg.wa.gov/RCW/default.aspx?cite=42.56.070 https://app.leg.wa.gov/RCW/default.aspx?cite=42.56.120,"A reasonable charge may be imposed for copies and for use of agency copying equipment, not exceeding the amount necessary to reimburse the agency for its actual costs directly incident to copying."
labor.overheadPct,Overhead / fringe surcharge on labor (%),fee_profiles:labor.overheadPct,WI,value_present,ceiling,Permission,Statute,"$10,000 | $50",WI-0041 WI-0037 WI-0040,"Wis. Stat. § 19.35(3)(am), created by 2023 Wis. Act 253 | Wis. Stat. § 19.35(3)(c) | Wis. Stat. § 19.35(3)(g)",https://docs.legis.wisconsin.gov/2023/related/acts/253 https://docs.legis.wisconsin.gov/statutes/statutes/19/ii/35,"A law enforcement agency may impose a fee for the actual, necessary and direct cost of redacting recorded audio or video content to the extent redaction is required by law, but may not charge if: the requester (an indivi"
labor.increment,Labor time increment + rounding,fee_profiles:labor.*.increment / rounding,AL,silent,,,,,,,,
labor.increment,Labor time increment + rounding,fee_profiles:labor.*.increment / rounding,AZ,silent,,,,,,,,
labor.increment,Labor time increment + rounding,fee_profiles:labor.*.increment / rounding,CA,silent,,,,,,,,
labor.increment,Labor time increment + rounding,fee_profiles:labor.*.increment / rounding,CO,rule_without_value,ceiling,Permission/Requirement,Statute,,CO-0018 CO-0020,C.R.S. § 24-72-205(6)(a),https://leg.colorado.gov/colorado-revised-statutes,"After the first hour, the custodian may charge a fee for research and retrieval of public records not to exceed thirty dollars per hour."
labor.increment,Labor time increment + rounding,fee_profiles:labor.*.increment / rounding,CT,silent,,,,,,,,
labor.increment,Labor time increment + rounding,fee_profiles:labor.*.increment / rounding,FL,silent,,,,,,,,
labor.increment,Labor time increment + rounding,fee_profiles:labor.*.increment / rounding,GA,actual_cost_or_reasonable,ceiling,Requirement,,,GA-0016,O.C.G.A. § 50-18-71(c)(1),https://georgialibraries.org/librarylaws/Georgia%20Open%20Records%20Act%20(O.C.G.A.%20%C2%A7%C2%A7%2050-18-70%20through%2050-18-74).pdf,"An agency may impose a reasonable charge for search, retrieval, and redaction, but that charge shall not exceed the prorated hourly salary of the lowest paid full-time employee who, in the custodian's reasonable discreti"
labor.increment,Labor time increment + rounding,fee_profiles:labor.*.increment / rounding,ID,rule_without_value,ceiling,Calculation,,,ID-0020,Idaho Code § 74-102(10)(e),https://legislature.idaho.gov/statutesrules/idstat/Title74/T74CH1/SECT74-102/,"Fees for resident requests shall not exceed reasonable labor costs necessarily incurred, charged at the per-hour pay rate of the lowest-paid administrative staff employee or public official of the agency."
labor.increment,Labor time increment + rounding,fee_profiles:labor.*.increment / rounding,IL,silent,,,,,,,,
labor.increment,Labor time increment + rounding,fee_profiles:labor.*.increment / rounding,IN,silent,,,,,,,,
labor.increment,Labor time increment + rounding,fee_profiles:labor.*.increment / rounding,KS,actual_cost_or_reasonable,ceiling,Calculation/Permission,Statute,,KS-0035 KS-0038,K.S.A. 45-219(c)(1) | K.S.A. 45-219(c)(3),https://ksrevisor.gov/statutes/chapters/ch45/045_002_0019.html,Actual costs may include the cost to review and redact the requested records but shall not include incidental costs not attributable to furnishing the requested records.
labor.increment,Labor time increment + rounding,fee_profiles:labor.*.increment / rounding,LA,rule_without_value,soft-standard,Requirement,Statute,,LA-0027,La. R.S. 44:32(B),https://www.legis.la.gov/Legis/Law.aspx?d=99691,"When examination is conducted outside regular working hours, persons representing the custodian are entitled to reasonable compensation, paid by the public body and funded in advance by the party demanding the extraordin"
labor.increment,Labor time increment + rounding,fee_profiles:labor.*.increment / rounding,MA,value_present,ceiling,Calculation/Permission,Statute,$25 | 2 hours | 4 hours,MA-0032 MA-0033 MA-0037,"M.G.L. c. 66, § 10(d)(ii) | M.G.L. c. 66, § 10(d)(iii) | M.G.L. c. 66, § 10(d)(iv)",https://malegislature.gov/Laws/GeneralLaws/PartI/TitleX/Chapter66/Section10,"For a municipality, the hourly labor rate must equal or be less than the lowest-paid capable employee's rate and shall not exceed $25 per hour, unless a higher rate is approved by the Supervisor."
labor.increment,Labor time increment + rounding,fee_profiles:labor.*.increment / rounding,MI,value_present,ceiling,Calculation/Permission/Prohibition,,15 minutes | 50%,MI-0034 MI-0035 MI-0036 MI-0039 MI-0041 MI-0042,Mich. Comp. Laws § 15.234(1)(a) | Mich. Comp. Laws § 15.234(1)(b) | Mich. Comp. Laws § 15.234(1)(e) | Mich. Comp. Laws § 15.234(2),https://www.legislature.mi.gov/Laws/MCL?objectName=MCL-15-234,"Labor for searching, locating, and examining records may not be charged at more than the hourly wage of the public body's lowest-paid employee capable of doing so, regardless of who performs the labor."
labor.increment,Labor time increment + rounding,fee_profiles:labor.*.increment / rounding,MN,actual_cost_or_reasonable,ceiling,Permission,,,MN-0008,"Minn. Stat. § 13.03, subd. 3(c)",https://www.revisor.mn.gov/statutes/cite/13.03,"When copies or electronic transmittal are requested, the responsible authority may require payment of the actual costs of searching for and retrieving the data, including employee time."
labor.increment,Labor time increment + rounding,fee_profiles:labor.*.increment / rounding,MO,actual_cost_or_reasonable,ceiling,Calculation/Permission,,,MO-0019 MO-0020,"§ 610.026.1(1), RSMo",https://revisor.mo.gov/main/OneSection.aspx?section=610.026,The hourly fee charged for duplicating time shall not exceed the average hourly rate of pay for clerical staff of the public governmental body.
labor.increment,Labor time increment + rounding,fee_profiles:labor.*.increment / rounding,NC,rule_without_value,fixed,Requirement,Statute,,NC-0010,N.C. Gen. Stat. § 132-6(c),https://www.ncleg.gov/EnactedLegislation/Statutes/HTML/BySection/Chapter_132/GS_132-6.html,"When separation of confidential from nonconfidential information is necessary to permit access, the public agency bears the cost of separation."
labor.increment,Labor time increment + rounding,fee_profiles:labor.*.increment / rounding,NE,silent,,,,,,,,
labor.increment,Labor time increment + rounding,fee_profiles:labor.*.increment / rounding,NJ,silent,,,,,,,,
labor.increment,Labor time increment + rounding,fee_profiles:labor.*.increment / rounding,NV,silent,,,,,,,,
labor.increment,Labor time increment + rounding,fee_profiles:labor.*.increment / rounding,NY,actual_cost_or_reasonable,fixed,Calculation,Statute,,NY-0027 NY-0028,N.Y. Pub. Off. Law § 87(1)(c)(i) | N.Y. Pub. Off. Law § 87(1)(c)(iv),https://www.nysenate.gov/legislation/laws/PBO/87,Actual reproduction cost may include only the hourly salary attributed to the lowest-paid agency employee who has the necessary skill to prepare the copy.
labor.increment,Labor time increment + rounding,fee_profiles:labor.*.increment / rounding,OH,silent,,,,,,,,
labor.increment,Labor time increment + rounding,fee_profiles:labor.*.increment / rounding,OK,silent,,,,,,,,
labor.increment,Labor time increment + rounding,fee_profiles:labor.*.increment / rounding,OR,rule_without_value,,Permission,,,OR-0021,Or. Rev. Stat. § 192.324(4)(b),https://www.oregonlegislature.gov/bills_laws/ors/ors192.html,"A public body may include in the fee the cost of attorney time spent reviewing, redacting, or segregating records into exempt and nonexempt, but may NOT include attorney time spent determining the application of ORS 192."
labor.increment,Labor time increment + rounding,fee_profiles:labor.*.increment / rounding,PA,silent,,,,,,,,
labor.increment,Labor time increment + rounding,fee_profiles:labor.*.increment / rounding,SC,actual_cost_or_reasonable,ceiling,Permission/Requirement,,,SC-0007 SC-0008,S.C. Code Ann. § 30-4-30(B),https://www.scstatehouse.gov/code/t30c004.php,"A public body may establish and collect reasonable fees not to exceed the actual cost of the search, retrieval, and redaction of records."
labor.increment,Labor time increment + rounding,fee_profiles:labor.*.increment / rounding,TN,rule_without_value,floor,Calculation,Official Guidance,,TN-0032 TN-0033,"OORC Schedule of Reasonable Charges § IV.C | OORC Schedule of Reasonable Charges §§ IV.B, IV.D, IV.E",https://www.comptroller.tn.gov/content/dam/cot/orc/documents/oorc/policies-and-guidelines/ScheduleofReasonableCharges.pdf,"The labor threshold is the first (1st) hour of labor reasonably necessary to produce requested material; a governmental entity may adopt a higher threshold, and labor may be charged only for time exceeding the threshold."
labor.increment,Labor time increment + rounding,fee_profiles:labor.*.increment / rounding,TX,silent,,,,,,,,
labor.increment,Labor time increment + rounding,fee_profiles:labor.*.increment / rounding,UT,rule_without_value,ceiling,Calculation,Statute,,UT-0031,Utah Code § 63G-2-203(2)(b),https://le.utah.gov/xcode/Title63G/Chapter2/63G-2-S203.html,An hourly staff-time charge may not exceed the salary of the lowest paid employee who has the necessary skill and training to perform the request.
labor.increment,Labor time increment + rounding,fee_profiles:labor.*.increment / rounding,VA,silent,,,,,,,,
labor.increment,Labor time increment + rounding,fee_profiles:labor.*.increment / rounding,WA,silent,,,,,,,,
labor.increment,Labor time increment + rounding,fee_profiles:labor.*.increment / rounding,WI,value_present,ceiling,Permission,Statute,"$10,000",WI-0041,"Wis. Stat. § 19.35(3)(am), created by 2023 Wis. Act 253",https://docs.legis.wisconsin.gov/2023/related/acts/253,"A law enforcement agency may impose a fee for the actual, necessary and direct cost of redacting recorded audio or video content to the extent redaction is required by law, but may not charge if: the requester (an indivi"
rules.freeLaborHours,Free labor hours per request,fee_profiles:requestRules.freeLaborHours,AL,silent,,,,,,,,
rules.freeLaborHours,Free labor hours per request,fee_profiles:requestRules.freeLaborHours,AZ,silent,,,,,,,,
rules.freeLaborHours,Free labor hours per request,fee_profiles:requestRules.freeLaborHours,CA,silent,,,,,,,,
rules.freeLaborHours,Free labor hours per request,fee_profiles:requestRules.freeLaborHours,CO,rule_without_value,fixed,Permission/Prohibition/Requirement,Statute,,CO-0019 CO-0018 CO-0020,C.R.S. § 24-72-205(6)(a),https://leg.colorado.gov/colorado-revised-statutes,The custodian shall not impose any charge for the first hour of time expended in research and retrieval of public records.
rules.freeLaborHours,Free labor hours per request,fee_profiles:requestRules.freeLaborHours,CT,silent,,,,,,,,
rules.freeLaborHours,Free labor hours per request,fee_profiles:requestRules.freeLaborHours,FL,silent,,,,,,,,
rules.freeLaborHours,Free labor hours per request,fee_profiles:requestRules.freeLaborHours,GA,actual_cost_or_reasonable,fixed,Requirement,,,GA-0017 GA-0016,O.C.G.A. § 50-18-71(c)(1),https://georgialibraries.org/librarylaws/Georgia%20Open%20Records%20Act%20(O.C.G.A.%20%C2%A7%C2%A7%2050-18-70%20through%2050-18-74).pdf,"No labor charge may be made for the first quarter hour of search, retrieval, or redaction."
rules.freeLaborHours,Free labor hours per request,fee_profiles:requestRules.freeLaborHours,ID,rule_without_value,fixed,Calculation,,,ID-0017 ID-0020,Idaho Code § 74-102(10)(a) | Idaho Code § 74-102(10)(e),https://legislature.idaho.gov/statutesrules/idstat/Title74/T74CH1/SECT74-102/,No fee shall be charged for the first two (2) hours of labor in responding to a resident's public records request.
rules.freeLaborHours,Free labor hours per request,fee_profiles:requestRules.freeLaborHours,IL,value_present,fixed,Prohibition,,50 pages | 8 hours,IL-0027 IL-0036,5 ILCS 140/6(b) | 5 ILCS 140/6(f),https://www.ilga.gov/documents/legislation/ilcs/documents/000501400K6.htm,"No fee may be charged for the first 50 pages of black-and-white, letter- or legal-sized copies requested."
rules.freeLaborHours,Free labor hours per request,fee_profiles:requestRules.freeLaborHours,IN,silent,,,,,,,,
rules.freeLaborHours,Free labor hours per request,fee_profiles:requestRules.freeLaborHours,KS,actual_cost_or_reasonable,ceiling,Calculation/Permission,Statute,,KS-0035 KS-0038,K.S.A. 45-219(c)(1) | K.S.A. 45-219(c)(3),https://ksrevisor.gov/statutes/chapters/ch45/045_002_0019.html,Actual costs may include the cost to review and redact the requested records but shall not include incidental costs not attributable to furnishing the requested records.
rules.freeLaborHours,Free labor hours per request,fee_profiles:requestRules.freeLaborHours,LA,rule_without_value,soft-standard,Requirement,Statute,,LA-0027,La. R.S. 44:32(B),https://www.legis.la.gov/Legis/Law.aspx?d=99691,"When examination is conducted outside regular working hours, persons representing the custodian are entitled to reasonable compensation, paid by the public body and funded in advance by the party demanding the extraordin"
rules.freeLaborHours,Free labor hours per request,fee_profiles:requestRules.freeLaborHours,MA,value_present,fixed,Calculation/Permission,Statute,$25 | 2 hours | 4 hours,MA-0034 MA-0035 MA-0032 MA-0033 MA-0037,"M.G.L. c. 66, § 10(d)(ii) | M.G.L. c. 66, § 10(d)(ii)(B) | M.G.L. c. 66, § 10(d)(iii) | M.G.L. c. 66, § 10(d)(iii)(B)",https://malegislature.gov/Laws/GeneralLaws/PartI/TitleX/Chapter66/Section10,"For a municipality with a population over 20,000, no labor fee may be assessed for the first 2 hours of work performed."
rules.freeLaborHours,Free labor hours per request,fee_profiles:requestRules.freeLaborHours,MI,value_present,ceiling,Calculation/Permission/Prohibition,,15 minutes | 50%,MI-0034 MI-0035 MI-0036 MI-0039 MI-0041 MI-0042,Mich. Comp. Laws § 15.234(1)(a) | Mich. Comp. Laws § 15.234(1)(b) | Mich. Comp. Laws § 15.234(1)(e) | Mich. Comp. Laws § 15.234(2),https://www.legislature.mi.gov/Laws/MCL?objectName=MCL-15-234,"Labor for searching, locating, and examining records may not be charged at more than the hourly wage of the public body's lowest-paid employee capable of doing so, regardless of who performs the labor."
rules.freeLaborHours,Free labor hours per request,fee_profiles:requestRules.freeLaborHours,MN,actual_cost_or_reasonable,ceiling,Permission,,,MN-0008,"Minn. Stat. § 13.03, subd. 3(c)",https://www.revisor.mn.gov/statutes/cite/13.03,"When copies or electronic transmittal are requested, the responsible authority may require payment of the actual costs of searching for and retrieving the data, including employee time."
rules.freeLaborHours,Free labor hours per request,fee_profiles:requestRules.freeLaborHours,MO,actual_cost_or_reasonable,ceiling,Calculation/Permission,,,MO-0019 MO-0020,"§ 610.026.1(1), RSMo",https://revisor.mo.gov/main/OneSection.aspx?section=610.026,The hourly fee charged for duplicating time shall not exceed the average hourly rate of pay for clerical staff of the public governmental body.
rules.freeLaborHours,Free labor hours per request,fee_profiles:requestRules.freeLaborHours,NC,rule_without_value,fixed,Requirement,Statute,,NC-0010,N.C. Gen. Stat. § 132-6(c),https://www.ncleg.gov/EnactedLegislation/Statutes/HTML/BySection/Chapter_132/GS_132-6.html,"When separation of confidential from nonconfidential information is necessary to permit access, the public agency bears the cost of separation."
rules.freeLaborHours,Free labor hours per request,fee_profiles:requestRules.freeLaborHours,NE,rule_without_value,fixed,Prohibition,Statute,,NE-0020,Neb. Rev. Stat. § 84-712(1),https://nebraskalegislature.gov/laws/statutes.php?statute=84-712,"For a Nebraska resident's request, the actual added cost used to calculate a fee shall not include any charge for existing salary/pay obligations for the first eight cumulative hours of searching, identifying, physically"
rules.freeLaborHours,Free labor hours per request,fee_profiles:requestRules.freeLaborHours,NJ,silent,,,,,,,,
rules.freeLaborHours,Free labor hours per request,fee_profiles:requestRules.freeLaborHours,NV,silent,,,,,,,,
rules.freeLaborHours,Free labor hours per request,fee_profiles:requestRules.freeLaborHours,NY,actual_cost_or_reasonable,fixed,Calculation,Statute,,NY-0027 NY-0028,N.Y. Pub. Off. Law § 87(1)(c)(i) | N.Y. Pub. Off. Law § 87(1)(c)(iv),https://www.nysenate.gov/legislation/laws/PBO/87,Actual reproduction cost may include only the hourly salary attributed to the lowest-paid agency employee who has the necessary skill to prepare the copy.
rules.freeLaborHours,Free labor hours per request,fee_profiles:requestRules.freeLaborHours,OH,silent,,,,,,,,
rules.freeLaborHours,Free labor hours per request,fee_profiles:requestRules.freeLaborHours,OK,silent,,,,,,,,
rules.freeLaborHours,Free labor hours per request,fee_profiles:requestRules.freeLaborHours,OR,rule_without_value,,Permission,,,OR-0021,Or. Rev. Stat. § 192.324(4)(b),https://www.oregonlegislature.gov/bills_laws/ors/ors192.html,"A public body may include in the fee the cost of attorney time spent reviewing, redacting, or segregating records into exempt and nonexempt, but may NOT include attorney time spent determining the application of ORS 192."
rules.freeLaborHours,Free labor hours per request,fee_profiles:requestRules.freeLaborHours,PA,silent,,,,,,,,
rules.freeLaborHours,Free labor hours per request,fee_profiles:requestRules.freeLaborHours,SC,actual_cost_or_reasonable,ceiling,Permission/Requirement,,,SC-0007 SC-0008,S.C. Code Ann. § 30-4-30(B),https://www.scstatehouse.gov/code/t30c004.php,"A public body may establish and collect reasonable fees not to exceed the actual cost of the search, retrieval, and redaction of records."
rules.freeLaborHours,Free labor hours per request,fee_profiles:requestRules.freeLaborHours,TN,rule_without_value,floor,Calculation,Official Guidance,,TN-0032 TN-0033,"OORC Schedule of Reasonable Charges § IV.C | OORC Schedule of Reasonable Charges §§ IV.B, IV.D, IV.E",https://www.comptroller.tn.gov/content/dam/cot/orc/documents/oorc/policies-and-guidelines/ScheduleofReasonableCharges.pdf,"The labor threshold is the first (1st) hour of labor reasonably necessary to produce requested material; a governmental entity may adopt a higher threshold, and labor may be charged only for time exceeding the threshold."
rules.freeLaborHours,Free labor hours per request,fee_profiles:requestRules.freeLaborHours,TX,value_present,floor,Calculation,Statute,15 hours | 36 hours,TX-0026 TX-0031,"Tex. Gov't Code § 552.261(a) | Tex. Gov't Code § 552.275(a), (b)",https://statutes.capitol.texas.gov/Docs/GV/htm/GV.552.htm#552.261 https://statutes.capitol.texas.gov/Docs/GV/htm/GV.552.htm#552.275,"For a request of 50 or fewer pages of paper records, the charge may not include materials, labor, or overhead and is limited to the per-page photocopy charge, unless the pages are in two-or-more unconnected buildings or "
rules.freeLaborHours,Free labor hours per request,fee_profiles:requestRules.freeLaborHours,UT,rule_without_value,fixed,Calculation/Exception/Prohibition,Statute,,UT-0035 UT-0036 UT-0031,Utah Code § 63G-2-203(2)(b) | Utah Code § 63G-2-203(5)(b)(iii) | Utah Code § 63G-2-203(5)(c),https://le.utah.gov/xcode/Title63G/Chapter2/63G-2-S203.html,An entity may not charge a fee for the first quarter hour of staff time spent responding to a request.
rules.freeLaborHours,Free labor hours per request,fee_profiles:requestRules.freeLaborHours,VA,silent,,,,,,,,
rules.freeLaborHours,Free labor hours per request,fee_profiles:requestRules.freeLaborHours,WA,silent,,,,,,,,
rules.freeLaborHours,Free labor hours per request,fee_profiles:requestRules.freeLaborHours,WI,value_present,ceiling,Permission,Statute,"$10,000",WI-0041,"Wis. Stat. § 19.35(3)(am), created by 2023 Wis. Act 253",https://docs.legis.wisconsin.gov/2023/related/acts/253,"A law enforcement agency may impose a fee for the actual, necessary and direct cost of redacting recorded audio or video content to the extent redaction is required by law, but may not charge if: the requester (an indivi"
labor.periodicFreeHours,Free personnel time per requestor per month/year (TX § 552.275 pattern),NOT IN ENGINE (fee_profiles gap — requestor-ledger counter),AL,silent,,,,,,,,
labor.periodicFreeHours,Free personnel time per requestor per month/year (TX § 552.275 pattern),NOT IN ENGINE (fee_profiles gap — requestor-ledger counter),AZ,silent,,,,,,,,
labor.periodicFreeHours,Free personnel time per requestor per month/year (TX § 552.275 pattern),NOT IN ENGINE (fee_profiles gap — requestor-ledger counter),CA,silent,,,,,,,,
labor.periodicFreeHours,Free personnel time per requestor per month/year (TX § 552.275 pattern),NOT IN ENGINE (fee_profiles gap — requestor-ledger counter),CO,rule_without_value,fixed,Prohibition,Statute,,CO-0019,C.R.S. § 24-72-205(6)(a),https://leg.colorado.gov/colorado-revised-statutes,The custodian shall not impose any charge for the first hour of time expended in research and retrieval of public records.
labor.periodicFreeHours,Free personnel time per requestor per month/year (TX § 552.275 pattern),NOT IN ENGINE (fee_profiles gap — requestor-ledger counter),CT,silent,,,,,,,,
labor.periodicFreeHours,Free personnel time per requestor per month/year (TX § 552.275 pattern),NOT IN ENGINE (fee_profiles gap — requestor-ledger counter),FL,silent,,,,,,,,
labor.periodicFreeHours,Free personnel time per requestor per month/year (TX § 552.275 pattern),NOT IN ENGINE (fee_profiles gap — requestor-ledger counter),GA,rule_without_value,fixed,Requirement,,,GA-0017,O.C.G.A. § 50-18-71(c)(1),https://georgialibraries.org/librarylaws/Georgia%20Open%20Records%20Act%20(O.C.G.A.%20%C2%A7%C2%A7%2050-18-70%20through%2050-18-74).pdf,"No labor charge may be made for the first quarter hour of search, retrieval, or redaction."
labor.periodicFreeHours,Free personnel time per requestor per month/year (TX § 552.275 pattern),NOT IN ENGINE (fee_profiles gap — requestor-ledger counter),ID,rule_without_value,fixed,Calculation,,,ID-0017,Idaho Code § 74-102(10)(a),https://legislature.idaho.gov/statutesrules/idstat/Title74/T74CH1/SECT74-102/,No fee shall be charged for the first two (2) hours of labor in responding to a resident's public records request.
labor.periodicFreeHours,Free personnel time per requestor per month/year (TX § 552.275 pattern),NOT IN ENGINE (fee_profiles gap — requestor-ledger counter),IL,value_present,fixed,Prohibition,,50 pages | 8 hours,IL-0027 IL-0036,5 ILCS 140/6(b) | 5 ILCS 140/6(f),https://www.ilga.gov/documents/legislation/ilcs/documents/000501400K6.htm,"No fee may be charged for the first 50 pages of black-and-white, letter- or legal-sized copies requested."
labor.periodicFreeHours,Free personnel time per requestor per month/year (TX § 552.275 pattern),NOT IN ENGINE (fee_profiles gap — requestor-ledger counter),IN,silent,,,,,,,,
labor.periodicFreeHours,Free personnel time per requestor per month/year (TX § 552.275 pattern),NOT IN ENGINE (fee_profiles gap — requestor-ledger counter),KS,silent,,,,,,,,
labor.periodicFreeHours,Free personnel time per requestor per month/year (TX § 552.275 pattern),NOT IN ENGINE (fee_profiles gap — requestor-ledger counter),LA,silent,,,,,,,,
labor.periodicFreeHours,Free personnel time per requestor per month/year (TX § 552.275 pattern),NOT IN ENGINE (fee_profiles gap — requestor-ledger counter),MA,value_present,fixed,Calculation,Statute,2 hours | 4 hours,MA-0034 MA-0035,"M.G.L. c. 66, § 10(d)(ii)(B) | M.G.L. c. 66, § 10(d)(iii)(B)",https://malegislature.gov/Laws/GeneralLaws/PartI/TitleX/Chapter66/Section10,"For a municipality with a population over 20,000, no labor fee may be assessed for the first 2 hours of work performed."
labor.periodicFreeHours,Free personnel time per requestor per month/year (TX § 552.275 pattern),NOT IN ENGINE (fee_profiles gap — requestor-ledger counter),MI,silent,,,,,,,,
labor.periodicFreeHours,Free personnel time per requestor per month/year (TX § 552.275 pattern),NOT IN ENGINE (fee_profiles gap — requestor-ledger counter),MN,silent,,,,,,,,
labor.periodicFreeHours,Free personnel time per requestor per month/year (TX § 552.275 pattern),NOT IN ENGINE (fee_profiles gap — requestor-ledger counter),MO,silent,,,,,,,,
labor.periodicFreeHours,Free personnel time per requestor per month/year (TX § 552.275 pattern),NOT IN ENGINE (fee_profiles gap — requestor-ledger counter),NC,silent,,,,,,,,
labor.periodicFreeHours,Free personnel time per requestor per month/year (TX § 552.275 pattern),NOT IN ENGINE (fee_profiles gap — requestor-ledger counter),NE,rule_without_value,fixed,Prohibition,Statute,,NE-0020,Neb. Rev. Stat. § 84-712(1),https://nebraskalegislature.gov/laws/statutes.php?statute=84-712,"For a Nebraska resident's request, the actual added cost used to calculate a fee shall not include any charge for existing salary/pay obligations for the first eight cumulative hours of searching, identifying, physically"
labor.periodicFreeHours,Free personnel time per requestor per month/year (TX § 552.275 pattern),NOT IN ENGINE (fee_profiles gap — requestor-ledger counter),NJ,silent,,,,,,,,
labor.periodicFreeHours,Free personnel time per requestor per month/year (TX § 552.275 pattern),NOT IN ENGINE (fee_profiles gap — requestor-ledger counter),NV,silent,,,,,,,,
labor.periodicFreeHours,Free personnel time per requestor per month/year (TX § 552.275 pattern),NOT IN ENGINE (fee_profiles gap — requestor-ledger counter),NY,silent,,,,,,,,
labor.periodicFreeHours,Free personnel time per requestor per month/year (TX § 552.275 pattern),NOT IN ENGINE (fee_profiles gap — requestor-ledger counter),OH,silent,,,,,,,,
labor.periodicFreeHours,Free personnel time per requestor per month/year (TX § 552.275 pattern),NOT IN ENGINE (fee_profiles gap — requestor-ledger counter),OK,silent,,,,,,,,
labor.periodicFreeHours,Free personnel time per requestor per month/year (TX § 552.275 pattern),NOT IN ENGINE (fee_profiles gap — requestor-ledger counter),OR,silent,,,,,,,,
labor.periodicFreeHours,Free personnel time per requestor per month/year (TX § 552.275 pattern),NOT IN ENGINE (fee_profiles gap — requestor-ledger counter),PA,silent,,,,,,,,
labor.periodicFreeHours,Free personnel time per requestor per month/year (TX § 552.275 pattern),NOT IN ENGINE (fee_profiles gap — requestor-ledger counter),SC,silent,,,,,,,,
labor.periodicFreeHours,Free personnel time per requestor per month/year (TX § 552.275 pattern),NOT IN ENGINE (fee_profiles gap — requestor-ledger counter),TN,actual_cost_or_reasonable,floor,Calculation/Permission,Official Guidance,,TN-0038 TN-0039 TN-0040b,OORC Reasonable Charges for Frequent and Multiple Requests § I.C | OORC Reasonable Charges for Frequent and Multiple Requests § I.D | OORC Reasonable Charges for Frequent and Multiple Requests § II.A,https://comptroller.tn.gov/content/dam/cot/orc/documents/oorc/policies-and-guidelines/Frequent_and_Multiple_Requests.pdf,A governmental entity's policy shall specify the number of requests within a calendar month that triggers aggregation; that amount must be no lower than four (4) requests.
labor.periodicFreeHours,Free personnel time per requestor per month/year (TX § 552.275 pattern),NOT IN ENGINE (fee_profiles gap — requestor-ledger counter),TX,value_present,floor,Calculation,Statute,15 hours | 36 hours,TX-0026 TX-0031,"Tex. Gov't Code § 552.261(a) | Tex. Gov't Code § 552.275(a), (b)",https://statutes.capitol.texas.gov/Docs/GV/htm/GV.552.htm#552.261 https://statutes.capitol.texas.gov/Docs/GV/htm/GV.552.htm#552.275,"For a request of 50 or fewer pages of paper records, the charge may not include materials, labor, or overhead and is limited to the per-page photocopy charge, unless the pages are in two-or-more unconnected buildings or "
labor.periodicFreeHours,Free personnel time per requestor per month/year (TX § 552.275 pattern),NOT IN ENGINE (fee_profiles gap — requestor-ledger counter),UT,rule_without_value,fixed,Exception/Prohibition,Statute,,UT-0035 UT-0036,Utah Code § 63G-2-203(5)(b)(iii) | Utah Code § 63G-2-203(5)(c),https://le.utah.gov/xcode/Title63G/Chapter2/63G-2-S203.html,An entity may not charge a fee for the first quarter hour of staff time spent responding to a request.
labor.periodicFreeHours,Free personnel time per requestor per month/year (TX § 552.275 pattern),NOT IN ENGINE (fee_profiles gap — requestor-ledger counter),VA,silent,,,,,,,,
labor.periodicFreeHours,Free personnel time per requestor per month/year (TX § 552.275 pattern),NOT IN ENGINE (fee_profiles gap — requestor-ledger counter),WA,silent,,,,,,,,
labor.periodicFreeHours,Free personnel time per requestor per month/year (TX § 552.275 pattern),NOT IN ENGINE (fee_profiles gap — requestor-ledger counter),WI,silent,,,,,,,,
rules.estimateNotifyThreshold,Itemized estimate / cost notice required above ($ or hours),fee_profiles:requestRules.estimateNotifyThreshold  (DUPLICATE: jurisdiction_rules fee_waiver.estimate_required_above),AL,rule_without_value,,Requirement,Statute,,AL-0040 AL-0045,"Ala. Code § 36-12-44(a)(2) (added by SB270, 2024 Reg. Sess.) | Ala. Code § 36-12-44(b)(2) (added by SB270, 2024 Reg. Sess.)",https://alison.legislature.state.al.us/files/pdf/SearchableInstruments/2024RS/SB270-enr.pdf,"If the public officer elects to charge a fee for a standard request, the officer shall notify the requester of the estimated fee and withhold any public records until receipt of payment."
rules.estimateNotifyThreshold,Itemized estimate / cost notice required above ($ or hours),fee_profiles:requestRules.estimateNotifyThreshold  (DUPLICATE: jurisdiction_rules fee_waiver.estimate_required_above),AZ,silent,,,,,,,,
rules.estimateNotifyThreshold,Itemized estimate / cost notice required above ($ or hours),fee_profiles:requestRules.estimateNotifyThreshold  (DUPLICATE: jurisdiction_rules fee_waiver.estimate_required_above),CA,silent,,,,,,,,
rules.estimateNotifyThreshold,Itemized estimate / cost notice required above ($ or hours),fee_profiles:requestRules.estimateNotifyThreshold  (DUPLICATE: jurisdiction_rules fee_waiver.estimate_required_above),CO,silent,,,,,,,,
rules.estimateNotifyThreshold,Itemized estimate / cost notice required above ($ or hours),fee_profiles:requestRules.estimateNotifyThreshold  (DUPLICATE: jurisdiction_rules fee_waiver.estimate_required_above),CT,silent,,,,,,,,
rules.estimateNotifyThreshold,Itemized estimate / cost notice required above ($ or hours),fee_profiles:requestRules.estimateNotifyThreshold  (DUPLICATE: jurisdiction_rules fee_waiver.estimate_required_above),FL,silent,,,,,,,,
rules.estimateNotifyThreshold,Itemized estimate / cost notice required above ($ or hours),fee_profiles:requestRules.estimateNotifyThreshold  (DUPLICATE: jurisdiction_rules fee_waiver.estimate_required_above),GA,value_present,,Requirement,,$25.00,GA-0022,O.C.G.A. § 50-18-71(d),https://georgialibraries.org/librarylaws/Georgia%20Open%20Records%20Act%20(O.C.G.A.%20%C2%A7%C2%A7%2050-18-70%20through%2050-18-74).pdf,"Where an agency will seek costs in excess of $25.00 to respond, it shall notify the requester within three business days and inform the requester of the cost estimate."
rules.estimateNotifyThreshold,Itemized estimate / cost notice required above ($ or hours),fee_profiles:requestRules.estimateNotifyThreshold  (DUPLICATE: jurisdiction_rules fee_waiver.estimate_required_above),ID,silent,,,,,,,,
rules.estimateNotifyThreshold,Itemized estimate / cost notice required above ($ or hours),fee_profiles:requestRules.estimateNotifyThreshold  (DUPLICATE: jurisdiction_rules fee_waiver.estimate_required_above),IL,silent,,,,,,,,
rules.estimateNotifyThreshold,Itemized estimate / cost notice required above ($ or hours),fee_profiles:requestRules.estimateNotifyThreshold  (DUPLICATE: jurisdiction_rules fee_waiver.estimate_required_above),IN,silent,,,,,,,,
rules.estimateNotifyThreshold,Itemized estimate / cost notice required above ($ or hours),fee_profiles:requestRules.estimateNotifyThreshold  (DUPLICATE: jurisdiction_rules fee_waiver.estimate_required_above),KS,value_present,fixed,Requirement,Statute,"$200,",KS-0039 KS-0041,K.S.A. 45-219(c)(4) | K.S.A. 45-219(e)(1),https://ksrevisor.gov/statutes/chapters/ch45/045_002_0019.html,"Upon request, the agency shall provide an itemized statement of costs charged to the requester, including the hourly rates for each employee involved and an itemized list of any other fees."
rules.estimateNotifyThreshold,Itemized estimate / cost notice required above ($ or hours),fee_profiles:requestRules.estimateNotifyThreshold  (DUPLICATE: jurisdiction_rules fee_waiver.estimate_required_above),LA,silent,,,,,,,,
rules.estimateNotifyThreshold,Itemized estimate / cost notice required above ($ or hours),fee_profiles:requestRules.estimateNotifyThreshold  (DUPLICATE: jurisdiction_rules fee_waiver.estimate_required_above),MA,rule_without_value,,Requirement,Administrative Rule,,MA-0039,950 CMR 32.07(2)(b),https://www.mass.gov/regulations/950-CMR-3200-public-records-access,"If fees are to be assessed, the RAO must provide a written, itemized, good-faith estimate of fees before complying, within the 10-business-day response."
rules.estimateNotifyThreshold,Itemized estimate / cost notice required above ($ or hours),fee_profiles:requestRules.estimateNotifyThreshold  (DUPLICATE: jurisdiction_rules fee_waiver.estimate_required_above),MI,rule_without_value,,Requirement,,,MI-0048,Mich. Comp. Laws § 15.234(4),https://www.legislature.mi.gov/Laws/MCL?objectName=MCL-15-234,A public body's procedures must use a standard form for detailed itemization of any fee that clearly lists and explains the allowable charges for each of the six fee components used in estimating or charging.
rules.estimateNotifyThreshold,Itemized estimate / cost notice required above ($ or hours),fee_profiles:requestRules.estimateNotifyThreshold  (DUPLICATE: jurisdiction_rules fee_waiver.estimate_required_above),MN,silent,,,,,,,,
rules.estimateNotifyThreshold,Itemized estimate / cost notice required above ($ or hours),fee_profiles:requestRules.estimateNotifyThreshold  (DUPLICATE: jurisdiction_rules fee_waiver.estimate_required_above),MO,rule_without_value,,Permission,,,MO-0022,"§ 610.026.1(1), RSMo",https://revisor.mo.gov/main/OneSection.aspx?section=610.026,A requester may request an estimate of the cost of copies before the public body produces them.
rules.estimateNotifyThreshold,Itemized estimate / cost notice required above ($ or hours),fee_profiles:requestRules.estimateNotifyThreshold  (DUPLICATE: jurisdiction_rules fee_waiver.estimate_required_above),NC,silent,,,,,,,,
rules.estimateNotifyThreshold,Itemized estimate / cost notice required above ($ or hours),fee_profiles:requestRules.estimateNotifyThreshold  (DUPLICATE: jurisdiction_rules fee_waiver.estimate_required_above),NE,rule_without_value,,Requirement,Statute,,NE-0018,Neb. Rev. Stat. § 84-712(4),https://nebraskalegislature.gov/laws/statutes.php?statute=84-712,"With its timely response, the custodian must provide the requester an estimate of the expected cost of the copies."
rules.estimateNotifyThreshold,Itemized estimate / cost notice required above ($ or hours),fee_profiles:requestRules.estimateNotifyThreshold  (DUPLICATE: jurisdiction_rules fee_waiver.estimate_required_above),NJ,silent,,,,,,,,
rules.estimateNotifyThreshold,Itemized estimate / cost notice required above ($ or hours),fee_profiles:requestRules.estimateNotifyThreshold  (DUPLICATE: jurisdiction_rules fee_waiver.estimate_required_above),NV,silent,,,,,,,,
rules.estimateNotifyThreshold,Itemized estimate / cost notice required above ($ or hours),fee_profiles:requestRules.estimateNotifyThreshold  (DUPLICATE: jurisdiction_rules fee_waiver.estimate_required_above),NY,rule_without_value,,Requirement,Statute,,NY-0031,N.Y. Pub. Off. Law § 87(1)(c),https://www.nysenate.gov/legislation/laws/PBO/87,The requester shall be informed of the estimated cost of preparing the copy if more than two hours of employee time is needed or if an outside professional service would be retained.
rules.estimateNotifyThreshold,Itemized estimate / cost notice required above ($ or hours),fee_profiles:requestRules.estimateNotifyThreshold  (DUPLICATE: jurisdiction_rules fee_waiver.estimate_required_above),OH,silent,,,,,,,,
rules.estimateNotifyThreshold,Itemized estimate / cost notice required above ($ or hours),fee_profiles:requestRules.estimateNotifyThreshold  (DUPLICATE: jurisdiction_rules fee_waiver.estimate_required_above),OK,silent,,,,,,,,
rules.estimateNotifyThreshold,Itemized estimate / cost notice required above ($ or hours),fee_profiles:requestRules.estimateNotifyThreshold  (DUPLICATE: jurisdiction_rules fee_waiver.estimate_required_above),OR,value_present,fixed,Prohibition,,$25,OR-0022,Or. Rev. Stat. § 192.324(4)(c),https://www.oregonlegislature.gov/bills_laws/ors/ors192.html,A public body may not establish a fee greater than $25 unless it first provides the requester written notification of the estimated fee amount and the requester confirms that it wants the public body to proceed.
rules.estimateNotifyThreshold,Itemized estimate / cost notice required above ($ or hours),fee_profiles:requestRules.estimateNotifyThreshold  (DUPLICATE: jurisdiction_rules fee_waiver.estimate_required_above),PA,silent,,,,,,,,
rules.estimateNotifyThreshold,Itemized estimate / cost notice required above ($ or hours),fee_profiles:requestRules.estimateNotifyThreshold  (DUPLICATE: jurisdiction_rules fee_waiver.estimate_required_above),SC,silent,,,,,,,,
rules.estimateNotifyThreshold,Itemized estimate / cost notice required above ($ or hours),fee_profiles:requestRules.estimateNotifyThreshold  (DUPLICATE: jurisdiction_rules fee_waiver.estimate_required_above),TN,actual_cost_or_reasonable,,Requirement,Statute,,TN-0034,Tenn. Code Ann. § 10-7-503(a)(7)(B); OORC Schedule of Reasonable Charges § I.G; OORC Model Public Records Policy § VI.B,https://www.mtas.tennessee.edu/reference/tennessee-public-records-statutes,The records custodian shall provide the requestor an estimate of the reasonable costs to provide copies of the requested material before producing them.
rules.estimateNotifyThreshold,Itemized estimate / cost notice required above ($ or hours),fee_profiles:requestRules.estimateNotifyThreshold  (DUPLICATE: jurisdiction_rules fee_waiver.estimate_required_above),TX,value_present+delegation,fixed,Requirement/Trigger,Statute,"$40, | 20%",TX-0028 TX-0029 TX-0030,Tex. Gov't Code § 552.2615(a) | Tex. Gov't Code § 552.2615(b) | Tex. Gov't Code § 552.2615(c),https://statutes.capitol.texas.gov/Docs/GV/htm/GV.552.htm#552.2615,"If a copy charge (or a § 552.271 paper-inspection charge) will exceed $40, the body must give the requestor a written itemized statement detailing all estimated charges (including labor/personnel), notice of any less-cos"
rules.estimateNotifyThreshold,Itemized estimate / cost notice required above ($ or hours),fee_profiles:requestRules.estimateNotifyThreshold  (DUPLICATE: jurisdiction_rules fee_waiver.estimate_required_above),UT,silent,,,,,,,,
rules.estimateNotifyThreshold,Itemized estimate / cost notice required above ($ or hours),fee_profiles:requestRules.estimateNotifyThreshold  (DUPLICATE: jurisdiction_rules fee_waiver.estimate_required_above),VA,actual_cost_or_reasonable,,Calculation/Requirement,,,VA-0025 VA-0026 VA-0029,Va. Code § 2.2-3704(F),https://law.lis.virginia.gov/vacode/title2.2/chapter37/section2.2-3704/,"Prior to conducting a search for records, the body shall notify the requester in writing that it may make reasonable charges not to exceed actual cost and inquire whether the requester would like a cost estimate in advan"
rules.estimateNotifyThreshold,Itemized estimate / cost notice required above ($ or hours),fee_profiles:requestRules.estimateNotifyThreshold  (DUPLICATE: jurisdiction_rules fee_waiver.estimate_required_above),WA,silent,,,,,,,,
rules.estimateNotifyThreshold,Itemized estimate / cost notice required above ($ or hours),fee_profiles:requestRules.estimateNotifyThreshold  (DUPLICATE: jurisdiction_rules fee_waiver.estimate_required_above),WI,silent,,,,,,,,
estimate.requesterResponseDays,Requester must respond to an estimate within N days (else withdrawn),fee_profiles:estimatePolicy.requesterResponseDays  (also fee_waiver.response_window_*),AL,rule_without_value,,Permission/Requirement,Statute,,AL-0040 AL-0045 AL-0042,"Ala. Code § 36-12-44(a)(2) (added by SB270, 2024 Reg. Sess.) | Ala. Code § 36-12-44(b)(2) (added by SB270, 2024 Reg. Sess.)",https://alison.legislature.state.al.us/files/pdf/SearchableInstruments/2024RS/SB270-enr.pdf,"If the public officer elects to charge a fee for a standard request, the officer shall notify the requester of the estimated fee and withhold any public records until receipt of payment."
estimate.requesterResponseDays,Requester must respond to an estimate within N days (else withdrawn),fee_profiles:estimatePolicy.requesterResponseDays  (also fee_waiver.response_window_*),AZ,silent,,,,,,,,
estimate.requesterResponseDays,Requester must respond to an estimate within N days (else withdrawn),fee_profiles:estimatePolicy.requesterResponseDays  (also fee_waiver.response_window_*),CA,silent,,,,,,,,
estimate.requesterResponseDays,Requester must respond to an estimate within N days (else withdrawn),fee_profiles:estimatePolicy.requesterResponseDays  (also fee_waiver.response_window_*),CO,silent,,,,,,,,
estimate.requesterResponseDays,Requester must respond to an estimate within N days (else withdrawn),fee_profiles:estimatePolicy.requesterResponseDays  (also fee_waiver.response_window_*),CT,silent,,,,,,,,
estimate.requesterResponseDays,Requester must respond to an estimate within N days (else withdrawn),fee_profiles:estimatePolicy.requesterResponseDays  (also fee_waiver.response_window_*),FL,silent,,,,,,,,
estimate.requesterResponseDays,Requester must respond to an estimate within N days (else withdrawn),fee_profiles:estimatePolicy.requesterResponseDays  (also fee_waiver.response_window_*),GA,value_present,,Permission/Requirement,,$25.00,GA-0022 GA-0025,O.C.G.A. § 50-18-71(d),https://georgialibraries.org/librarylaws/Georgia%20Open%20Records%20Act%20(O.C.G.A.%20%C2%A7%C2%A7%2050-18-70%20through%2050-18-74).pdf,"Where an agency will seek costs in excess of $25.00 to respond, it shall notify the requester within three business days and inform the requester of the cost estimate."
estimate.requesterResponseDays,Requester must respond to an estimate within N days (else withdrawn),fee_profiles:estimatePolicy.requesterResponseDays  (also fee_waiver.response_window_*),ID,silent,,,,,,,,
estimate.requesterResponseDays,Requester must respond to an estimate within N days (else withdrawn),fee_profiles:estimatePolicy.requesterResponseDays  (also fee_waiver.response_window_*),IL,silent,,,,,,,,
estimate.requesterResponseDays,Requester must respond to an estimate within N days (else withdrawn),fee_profiles:estimatePolicy.requesterResponseDays  (also fee_waiver.response_window_*),IN,silent,,,,,,,,
estimate.requesterResponseDays,Requester must respond to an estimate within N days (else withdrawn),fee_profiles:estimatePolicy.requesterResponseDays  (also fee_waiver.response_window_*),KS,value_present,fixed,Requirement/Trigger,Statute,"$200,",KS-0039 KS-0041 KS-0042,K.S.A. 45-219(c)(4) | K.S.A. 45-219(e)(1) | K.S.A. 45-219(e)(2),https://ksrevisor.gov/statutes/chapters/ch45/045_002_0019.html,"Upon request, the agency shall provide an itemized statement of costs charged to the requester, including the hourly rates for each employee involved and an itemized list of any other fees."
estimate.requesterResponseDays,Requester must respond to an estimate within N days (else withdrawn),fee_profiles:estimatePolicy.requesterResponseDays  (also fee_waiver.response_window_*),LA,rule_without_value,,Permission,Statute,,LA-0024,La. R.S. 44:32(C)(1)(a),https://www.legis.la.gov/Legis/Law.aspx?d=99691,"The custodian need not provide copies where the requester fails to pay applicable copying fees after advance notice of the amount, or has an outstanding balance from a prior request."
estimate.requesterResponseDays,Requester must respond to an estimate within N days (else withdrawn),fee_profiles:estimatePolicy.requesterResponseDays  (also fee_waiver.response_window_*),MA,defers_to_city,,Permission/Prohibition/Requirement,Administrative Rule/Statute,,MA-0039 MA-0040 MA-0041 MA-0042,"950 CMR 32.07(2)(b) | M.G.L. c. 66, § 10(d)(vi) | M.G.L. c. 66, § 10(d)(vii) | M.G.L. c. 66, § 10(e)",https://malegislature.gov/Laws/GeneralLaws/PartI/TitleX/Chapter66/Section10 https://www.mass.gov/regulations/950-CMR-3200-public-records-access,"If fees are to be assessed, the RAO must provide a written, itemized, good-faith estimate of fees before complying, within the 10-business-day response."
estimate.requesterResponseDays,Requester must respond to an estimate within N days (else withdrawn),fee_profiles:estimatePolicy.requesterResponseDays  (also fee_waiver.response_window_*),MI,value_present,fixed,Remedy/Requirement,,5% | 50%,MI-0048 MI-0045 MI-0051,Mich. Comp. Laws § 15.234(3) | Mich. Comp. Laws § 15.234(4) | Mich. Comp. Laws § 15.234(9),https://www.legislature.mi.gov/Laws/MCL?objectName=MCL-15-234,A public body's procedures must use a standard form for detailed itemization of any fee that clearly lists and explains the allowable charges for each of the six fee components used in estimating or charging.
estimate.requesterResponseDays,Requester must respond to an estimate within N days (else withdrawn),fee_profiles:estimatePolicy.requesterResponseDays  (also fee_waiver.response_window_*),MN,silent,,,,,,,,
estimate.requesterResponseDays,Requester must respond to an estimate within N days (else withdrawn),fee_profiles:estimatePolicy.requesterResponseDays  (also fee_waiver.response_window_*),MO,rule_without_value,fixed,Permission/Requirement/Trigger,,,MO-0022 MO-0026 MO-0027,"§ 610.026.1(1), RSMo | § 610.026.2, RSMo",https://revisor.mo.gov/main/OneSection.aspx?section=610.026,A requester may request an estimate of the cost of copies before the public body produces them.
estimate.requesterResponseDays,Requester must respond to an estimate within N days (else withdrawn),fee_profiles:estimatePolicy.requesterResponseDays  (also fee_waiver.response_window_*),NC,silent,,,,,,,,
estimate.requesterResponseDays,Requester must respond to an estimate within N days (else withdrawn),fee_profiles:estimatePolicy.requesterResponseDays  (also fee_waiver.response_window_*),NE,rule_without_value,fixed,Requirement/Trigger,Statute,,NE-0018 NE-0016,Neb. Rev. Stat. § 84-712(4),https://nebraskalegislature.gov/laws/statutes.php?statute=84-712,"With its timely response, the custodian must provide the requester an estimate of the expected cost of the copies."
estimate.requesterResponseDays,Requester must respond to an estimate within N days (else withdrawn),fee_profiles:estimatePolicy.requesterResponseDays  (also fee_waiver.response_window_*),NJ,silent,,,,,,,,
estimate.requesterResponseDays,Requester must respond to an estimate within N days (else withdrawn),fee_profiles:estimatePolicy.requesterResponseDays  (also fee_waiver.response_window_*),NV,silent,,,,,,,,
estimate.requesterResponseDays,Requester must respond to an estimate within N days (else withdrawn),fee_profiles:estimatePolicy.requesterResponseDays  (also fee_waiver.response_window_*),NY,rule_without_value,,Requirement,Statute,,NY-0031,N.Y. Pub. Off. Law § 87(1)(c),https://www.nysenate.gov/legislation/laws/PBO/87,The requester shall be informed of the estimated cost of preparing the copy if more than two hours of employee time is needed or if an outside professional service would be retained.
estimate.requesterResponseDays,Requester must respond to an estimate within N days (else withdrawn),fee_profiles:estimatePolicy.requesterResponseDays  (also fee_waiver.response_window_*),OH,silent,,,,,,,,
estimate.requesterResponseDays,Requester must respond to an estimate within N days (else withdrawn),fee_profiles:estimatePolicy.requesterResponseDays  (also fee_waiver.response_window_*),OK,actual_cost_or_reasonable,,Permission,,,OK-0019,"Okla. Stat. tit. 51, § 24A.5(4)",https://www.oscn.net/applications/oscn/deliverdocument.asp?citeid=80292,"If a request is solely for a commercial purpose, or would clearly cause excessive disruption of the body's essential functions, the body may charge a reasonable fee to recover the direct cost of record search and copying"
estimate.requesterResponseDays,Requester must respond to an estimate within N days (else withdrawn),fee_profiles:estimatePolicy.requesterResponseDays  (also fee_waiver.response_window_*),OR,value_present,fixed,Prohibition/Trigger,,$25 | 60 days,OR-0022 OR-0025,Or. Rev. Stat. § 192.324(4)(c) | Or. Rev. Stat. § 192.329(3)(b),https://www.oregonlegislature.gov/bills_laws/ors/ors192.html,A public body may not establish a fee greater than $25 unless it first provides the requester written notification of the estimated fee amount and the requester confirms that it wants the public body to proceed.
estimate.requesterResponseDays,Requester must respond to an estimate within N days (else withdrawn),fee_profiles:estimatePolicy.requesterResponseDays  (also fee_waiver.response_window_*),PA,silent,,,,,,,,
estimate.requesterResponseDays,Requester must respond to an estimate within N days (else withdrawn),fee_profiles:estimatePolicy.requesterResponseDays  (also fee_waiver.response_window_*),SC,silent,,,,,,,,
estimate.requesterResponseDays,Requester must respond to an estimate within N days (else withdrawn),fee_profiles:estimatePolicy.requesterResponseDays  (also fee_waiver.response_window_*),TN,actual_cost_or_reasonable,,Requirement,Statute,,TN-0034,Tenn. Code Ann. § 10-7-503(a)(7)(B); OORC Schedule of Reasonable Charges § I.G; OORC Model Public Records Policy § VI.B,https://www.mtas.tennessee.edu/reference/tennessee-public-records-statutes,The records custodian shall provide the requestor an estimate of the reasonable costs to provide copies of the requested material before producing them.
estimate.requesterResponseDays,Requester must respond to an estimate within N days (else withdrawn),fee_profiles:estimatePolicy.requesterResponseDays  (also fee_waiver.response_window_*),TX,value_present+delegation,fixed,Requirement/Trigger,Statute,"$40, | 20%",TX-0028 TX-0029 TX-0030,Tex. Gov't Code § 552.2615(a) | Tex. Gov't Code § 552.2615(b) | Tex. Gov't Code § 552.2615(c),https://statutes.capitol.texas.gov/Docs/GV/htm/GV.552.htm#552.2615,"If a copy charge (or a § 552.271 paper-inspection charge) will exceed $40, the body must give the requestor a written itemized statement detailing all estimated charges (including labor/personnel), notice of any less-cos"
estimate.requesterResponseDays,Requester must respond to an estimate within N days (else withdrawn),fee_profiles:estimatePolicy.requesterResponseDays  (also fee_waiver.response_window_*),UT,silent,,,,,,,,
estimate.requesterResponseDays,Requester must respond to an estimate within N days (else withdrawn),fee_profiles:estimatePolicy.requesterResponseDays  (also fee_waiver.response_window_*),VA,actual_cost_or_reasonable,,Calculation/Requirement,,,VA-0025 VA-0026 VA-0029,Va. Code § 2.2-3704(F),https://law.lis.virginia.gov/vacode/title2.2/chapter37/section2.2-3704/,"Prior to conducting a search for records, the body shall notify the requester in writing that it may make reasonable charges not to exceed actual cost and inquire whether the requester would like a cost estimate in advan"
estimate.requesterResponseDays,Requester must respond to an estimate within N days (else withdrawn),fee_profiles:estimatePolicy.requesterResponseDays  (also fee_waiver.response_window_*),WA,rule_without_value,,Trigger,,,WA-0032,RCW 42.56.120(4),https://app.leg.wa.gov/RCW/default.aspx?cite=42.56.120,"If the requester fails to inspect, pay for, or claim an installment of a records request, the agency need not fulfill the balance of the request."
estimate.requesterResponseDays,Requester must respond to an estimate within N days (else withdrawn),fee_profiles:estimatePolicy.requesterResponseDays  (also fee_waiver.response_window_*),WI,silent,,,,,,,,
estimate.revisionNotifyPercent,Revised estimate required when actual exceeds estimate by N%,fee_profiles:estimatePolicy.revisionNotifyPercent  (also payment.reissue_required_on_variance),AL,rule_without_value,,Requirement,Statute,,AL-0040 AL-0045,"Ala. Code § 36-12-44(a)(2) (added by SB270, 2024 Reg. Sess.) | Ala. Code § 36-12-44(b)(2) (added by SB270, 2024 Reg. Sess.)",https://alison.legislature.state.al.us/files/pdf/SearchableInstruments/2024RS/SB270-enr.pdf,"If the public officer elects to charge a fee for a standard request, the officer shall notify the requester of the estimated fee and withhold any public records until receipt of payment."
estimate.revisionNotifyPercent,Revised estimate required when actual exceeds estimate by N%,fee_profiles:estimatePolicy.revisionNotifyPercent  (also payment.reissue_required_on_variance),AZ,silent,,,,,,,,
estimate.revisionNotifyPercent,Revised estimate required when actual exceeds estimate by N%,fee_profiles:estimatePolicy.revisionNotifyPercent  (also payment.reissue_required_on_variance),CA,silent,,,,,,,,
estimate.revisionNotifyPercent,Revised estimate required when actual exceeds estimate by N%,fee_profiles:estimatePolicy.revisionNotifyPercent  (also payment.reissue_required_on_variance),CO,silent,,,,,,,,
estimate.revisionNotifyPercent,Revised estimate required when actual exceeds estimate by N%,fee_profiles:estimatePolicy.revisionNotifyPercent  (also payment.reissue_required_on_variance),CT,silent,,,,,,,,
estimate.revisionNotifyPercent,Revised estimate required when actual exceeds estimate by N%,fee_profiles:estimatePolicy.revisionNotifyPercent  (also payment.reissue_required_on_variance),FL,silent,,,,,,,,
estimate.revisionNotifyPercent,Revised estimate required when actual exceeds estimate by N%,fee_profiles:estimatePolicy.revisionNotifyPercent  (also payment.reissue_required_on_variance),GA,value_present,,Requirement,,$25.00,GA-0022,O.C.G.A. § 50-18-71(d),https://georgialibraries.org/librarylaws/Georgia%20Open%20Records%20Act%20(O.C.G.A.%20%C2%A7%C2%A7%2050-18-70%20through%2050-18-74).pdf,"Where an agency will seek costs in excess of $25.00 to respond, it shall notify the requester within three business days and inform the requester of the cost estimate."
estimate.revisionNotifyPercent,Revised estimate required when actual exceeds estimate by N%,fee_profiles:estimatePolicy.revisionNotifyPercent  (also payment.reissue_required_on_variance),ID,silent,,,,,,,,
estimate.revisionNotifyPercent,Revised estimate required when actual exceeds estimate by N%,fee_profiles:estimatePolicy.revisionNotifyPercent  (also payment.reissue_required_on_variance),IL,silent,,,,,,,,
estimate.revisionNotifyPercent,Revised estimate required when actual exceeds estimate by N%,fee_profiles:estimatePolicy.revisionNotifyPercent  (also payment.reissue_required_on_variance),IN,silent,,,,,,,,
estimate.revisionNotifyPercent,Revised estimate required when actual exceeds estimate by N%,fee_profiles:estimatePolicy.revisionNotifyPercent  (also payment.reissue_required_on_variance),KS,value_present,fixed,Requirement,Statute,"$200,",KS-0039 KS-0041,K.S.A. 45-219(c)(4) | K.S.A. 45-219(e)(1),https://ksrevisor.gov/statutes/chapters/ch45/045_002_0019.html,"Upon request, the agency shall provide an itemized statement of costs charged to the requester, including the hourly rates for each employee involved and an itemized list of any other fees."
estimate.revisionNotifyPercent,Revised estimate required when actual exceeds estimate by N%,fee_profiles:estimatePolicy.revisionNotifyPercent  (also payment.reissue_required_on_variance),LA,silent,,,,,,,,
estimate.revisionNotifyPercent,Revised estimate required when actual exceeds estimate by N%,fee_profiles:estimatePolicy.revisionNotifyPercent  (also payment.reissue_required_on_variance),MA,rule_without_value,,Requirement,Administrative Rule,,MA-0039,950 CMR 32.07(2)(b),https://www.mass.gov/regulations/950-CMR-3200-public-records-access,"If fees are to be assessed, the RAO must provide a written, itemized, good-faith estimate of fees before complying, within the 10-business-day response."
estimate.revisionNotifyPercent,Revised estimate required when actual exceeds estimate by N%,fee_profiles:estimatePolicy.revisionNotifyPercent  (also payment.reissue_required_on_variance),MI,rule_without_value,,Requirement,,,MI-0048,Mich. Comp. Laws § 15.234(4),https://www.legislature.mi.gov/Laws/MCL?objectName=MCL-15-234,A public body's procedures must use a standard form for detailed itemization of any fee that clearly lists and explains the allowable charges for each of the six fee components used in estimating or charging.
estimate.revisionNotifyPercent,Revised estimate required when actual exceeds estimate by N%,fee_profiles:estimatePolicy.revisionNotifyPercent  (also payment.reissue_required_on_variance),MN,silent,,,,,,,,
estimate.revisionNotifyPercent,Revised estimate required when actual exceeds estimate by N%,fee_profiles:estimatePolicy.revisionNotifyPercent  (also payment.reissue_required_on_variance),MO,rule_without_value,,Permission,,,MO-0022,"§ 610.026.1(1), RSMo",https://revisor.mo.gov/main/OneSection.aspx?section=610.026,A requester may request an estimate of the cost of copies before the public body produces them.
estimate.revisionNotifyPercent,Revised estimate required when actual exceeds estimate by N%,fee_profiles:estimatePolicy.revisionNotifyPercent  (also payment.reissue_required_on_variance),NC,silent,,,,,,,,
estimate.revisionNotifyPercent,Revised estimate required when actual exceeds estimate by N%,fee_profiles:estimatePolicy.revisionNotifyPercent  (also payment.reissue_required_on_variance),NE,rule_without_value,,Requirement,Statute,,NE-0018,Neb. Rev. Stat. § 84-712(4),https://nebraskalegislature.gov/laws/statutes.php?statute=84-712,"With its timely response, the custodian must provide the requester an estimate of the expected cost of the copies."
estimate.revisionNotifyPercent,Revised estimate required when actual exceeds estimate by N%,fee_profiles:estimatePolicy.revisionNotifyPercent  (also payment.reissue_required_on_variance),NJ,silent,,,,,,,,
estimate.revisionNotifyPercent,Revised estimate required when actual exceeds estimate by N%,fee_profiles:estimatePolicy.revisionNotifyPercent  (also payment.reissue_required_on_variance),NV,silent,,,,,,,,
estimate.revisionNotifyPercent,Revised estimate required when actual exceeds estimate by N%,fee_profiles:estimatePolicy.revisionNotifyPercent  (also payment.reissue_required_on_variance),NY,rule_without_value,,Requirement,Statute,,NY-0031,N.Y. Pub. Off. Law § 87(1)(c),https://www.nysenate.gov/legislation/laws/PBO/87,The requester shall be informed of the estimated cost of preparing the copy if more than two hours of employee time is needed or if an outside professional service would be retained.
estimate.revisionNotifyPercent,Revised estimate required when actual exceeds estimate by N%,fee_profiles:estimatePolicy.revisionNotifyPercent  (also payment.reissue_required_on_variance),OH,silent,,,,,,,,
estimate.revisionNotifyPercent,Revised estimate required when actual exceeds estimate by N%,fee_profiles:estimatePolicy.revisionNotifyPercent  (also payment.reissue_required_on_variance),OK,silent,,,,,,,,
estimate.revisionNotifyPercent,Revised estimate required when actual exceeds estimate by N%,fee_profiles:estimatePolicy.revisionNotifyPercent  (also payment.reissue_required_on_variance),OR,value_present,fixed,Prohibition,,$25,OR-0022,Or. Rev. Stat. § 192.324(4)(c),https://www.oregonlegislature.gov/bills_laws/ors/ors192.html,A public body may not establish a fee greater than $25 unless it first provides the requester written notification of the estimated fee amount and the requester confirms that it wants the public body to proceed.
estimate.revisionNotifyPercent,Revised estimate required when actual exceeds estimate by N%,fee_profiles:estimatePolicy.revisionNotifyPercent  (also payment.reissue_required_on_variance),PA,silent,,,,,,,,
estimate.revisionNotifyPercent,Revised estimate required when actual exceeds estimate by N%,fee_profiles:estimatePolicy.revisionNotifyPercent  (also payment.reissue_required_on_variance),SC,silent,,,,,,,,
estimate.revisionNotifyPercent,Revised estimate required when actual exceeds estimate by N%,fee_profiles:estimatePolicy.revisionNotifyPercent  (also payment.reissue_required_on_variance),TN,actual_cost_or_reasonable,,Requirement,Statute,,TN-0034,Tenn. Code Ann. § 10-7-503(a)(7)(B); OORC Schedule of Reasonable Charges § I.G; OORC Model Public Records Policy § VI.B,https://www.mtas.tennessee.edu/reference/tennessee-public-records-statutes,The records custodian shall provide the requestor an estimate of the reasonable costs to provide copies of the requested material before producing them.
estimate.revisionNotifyPercent,Revised estimate required when actual exceeds estimate by N%,fee_profiles:estimatePolicy.revisionNotifyPercent  (also payment.reissue_required_on_variance),TX,value_present+delegation,fixed,Requirement/Trigger,Statute,"$40, | 20%",TX-0028 TX-0029 TX-0030,Tex. Gov't Code § 552.2615(a) | Tex. Gov't Code § 552.2615(b) | Tex. Gov't Code § 552.2615(c),https://statutes.capitol.texas.gov/Docs/GV/htm/GV.552.htm#552.2615,"If a copy charge (or a § 552.271 paper-inspection charge) will exceed $40, the body must give the requestor a written itemized statement detailing all estimated charges (including labor/personnel), notice of any less-cos"
estimate.revisionNotifyPercent,Revised estimate required when actual exceeds estimate by N%,fee_profiles:estimatePolicy.revisionNotifyPercent  (also payment.reissue_required_on_variance),UT,silent,,,,,,,,
estimate.revisionNotifyPercent,Revised estimate required when actual exceeds estimate by N%,fee_profiles:estimatePolicy.revisionNotifyPercent  (also payment.reissue_required_on_variance),VA,actual_cost_or_reasonable,,Calculation/Requirement,,,VA-0025 VA-0026 VA-0029,Va. Code § 2.2-3704(F),https://law.lis.virginia.gov/vacode/title2.2/chapter37/section2.2-3704/,"Prior to conducting a search for records, the body shall notify the requester in writing that it may make reasonable charges not to exceed actual cost and inquire whether the requester would like a cost estimate in advan"
estimate.revisionNotifyPercent,Revised estimate required when actual exceeds estimate by N%,fee_profiles:estimatePolicy.revisionNotifyPercent  (also payment.reissue_required_on_variance),WA,silent,,,,,,,,
estimate.revisionNotifyPercent,Revised estimate required when actual exceeds estimate by N%,fee_profiles:estimatePolicy.revisionNotifyPercent  (also payment.reissue_required_on_variance),WI,silent,,,,,,,,
estimate.validityDays,Estimate validity period (days),fee_profiles:estimatePolicy.estimateValidityDays,AL,rule_without_value,,Requirement,Statute,,AL-0040 AL-0045,"Ala. Code § 36-12-44(a)(2) (added by SB270, 2024 Reg. Sess.) | Ala. Code § 36-12-44(b)(2) (added by SB270, 2024 Reg. Sess.)",https://alison.legislature.state.al.us/files/pdf/SearchableInstruments/2024RS/SB270-enr.pdf,"If the public officer elects to charge a fee for a standard request, the officer shall notify the requester of the estimated fee and withhold any public records until receipt of payment."
estimate.validityDays,Estimate validity period (days),fee_profiles:estimatePolicy.estimateValidityDays,AZ,silent,,,,,,,,
estimate.validityDays,Estimate validity period (days),fee_profiles:estimatePolicy.estimateValidityDays,CA,silent,,,,,,,,
estimate.validityDays,Estimate validity period (days),fee_profiles:estimatePolicy.estimateValidityDays,CO,silent,,,,,,,,
estimate.validityDays,Estimate validity period (days),fee_profiles:estimatePolicy.estimateValidityDays,CT,silent,,,,,,,,
estimate.validityDays,Estimate validity period (days),fee_profiles:estimatePolicy.estimateValidityDays,FL,silent,,,,,,,,
estimate.validityDays,Estimate validity period (days),fee_profiles:estimatePolicy.estimateValidityDays,GA,value_present,,Requirement,,$25.00,GA-0022,O.C.G.A. § 50-18-71(d),https://georgialibraries.org/librarylaws/Georgia%20Open%20Records%20Act%20(O.C.G.A.%20%C2%A7%C2%A7%2050-18-70%20through%2050-18-74).pdf,"Where an agency will seek costs in excess of $25.00 to respond, it shall notify the requester within three business days and inform the requester of the cost estimate."
estimate.validityDays,Estimate validity period (days),fee_profiles:estimatePolicy.estimateValidityDays,ID,silent,,,,,,,,
estimate.validityDays,Estimate validity period (days),fee_profiles:estimatePolicy.estimateValidityDays,IL,silent,,,,,,,,
estimate.validityDays,Estimate validity period (days),fee_profiles:estimatePolicy.estimateValidityDays,IN,silent,,,,,,,,
estimate.validityDays,Estimate validity period (days),fee_profiles:estimatePolicy.estimateValidityDays,KS,value_present,fixed,Requirement,Statute,"$200,",KS-0039 KS-0041,K.S.A. 45-219(c)(4) | K.S.A. 45-219(e)(1),https://ksrevisor.gov/statutes/chapters/ch45/045_002_0019.html,"Upon request, the agency shall provide an itemized statement of costs charged to the requester, including the hourly rates for each employee involved and an itemized list of any other fees."
estimate.validityDays,Estimate validity period (days),fee_profiles:estimatePolicy.estimateValidityDays,LA,silent,,,,,,,,
estimate.validityDays,Estimate validity period (days),fee_profiles:estimatePolicy.estimateValidityDays,MA,rule_without_value,,Requirement,Administrative Rule,,MA-0039,950 CMR 32.07(2)(b),https://www.mass.gov/regulations/950-CMR-3200-public-records-access,"If fees are to be assessed, the RAO must provide a written, itemized, good-faith estimate of fees before complying, within the 10-business-day response."
estimate.validityDays,Estimate validity period (days),fee_profiles:estimatePolicy.estimateValidityDays,MI,rule_without_value,,Requirement,,,MI-0048,Mich. Comp. Laws § 15.234(4),https://www.legislature.mi.gov/Laws/MCL?objectName=MCL-15-234,A public body's procedures must use a standard form for detailed itemization of any fee that clearly lists and explains the allowable charges for each of the six fee components used in estimating or charging.
estimate.validityDays,Estimate validity period (days),fee_profiles:estimatePolicy.estimateValidityDays,MN,silent,,,,,,,,
estimate.validityDays,Estimate validity period (days),fee_profiles:estimatePolicy.estimateValidityDays,MO,rule_without_value,,Permission,,,MO-0022,"§ 610.026.1(1), RSMo",https://revisor.mo.gov/main/OneSection.aspx?section=610.026,A requester may request an estimate of the cost of copies before the public body produces them.
estimate.validityDays,Estimate validity period (days),fee_profiles:estimatePolicy.estimateValidityDays,NC,silent,,,,,,,,
estimate.validityDays,Estimate validity period (days),fee_profiles:estimatePolicy.estimateValidityDays,NE,rule_without_value,,Requirement,Statute,,NE-0018,Neb. Rev. Stat. § 84-712(4),https://nebraskalegislature.gov/laws/statutes.php?statute=84-712,"With its timely response, the custodian must provide the requester an estimate of the expected cost of the copies."
estimate.validityDays,Estimate validity period (days),fee_profiles:estimatePolicy.estimateValidityDays,NJ,silent,,,,,,,,
estimate.validityDays,Estimate validity period (days),fee_profiles:estimatePolicy.estimateValidityDays,NV,silent,,,,,,,,
estimate.validityDays,Estimate validity period (days),fee_profiles:estimatePolicy.estimateValidityDays,NY,rule_without_value,,Requirement,Statute,,NY-0031,N.Y. Pub. Off. Law § 87(1)(c),https://www.nysenate.gov/legislation/laws/PBO/87,The requester shall be informed of the estimated cost of preparing the copy if more than two hours of employee time is needed or if an outside professional service would be retained.
estimate.validityDays,Estimate validity period (days),fee_profiles:estimatePolicy.estimateValidityDays,OH,silent,,,,,,,,
estimate.validityDays,Estimate validity period (days),fee_profiles:estimatePolicy.estimateValidityDays,OK,silent,,,,,,,,
estimate.validityDays,Estimate validity period (days),fee_profiles:estimatePolicy.estimateValidityDays,OR,value_present,fixed,Prohibition,,$25,OR-0022,Or. Rev. Stat. § 192.324(4)(c),https://www.oregonlegislature.gov/bills_laws/ors/ors192.html,A public body may not establish a fee greater than $25 unless it first provides the requester written notification of the estimated fee amount and the requester confirms that it wants the public body to proceed.
estimate.validityDays,Estimate validity period (days),fee_profiles:estimatePolicy.estimateValidityDays,PA,silent,,,,,,,,
estimate.validityDays,Estimate validity period (days),fee_profiles:estimatePolicy.estimateValidityDays,SC,silent,,,,,,,,
estimate.validityDays,Estimate validity period (days),fee_profiles:estimatePolicy.estimateValidityDays,TN,actual_cost_or_reasonable,,Requirement,Statute,,TN-0034,Tenn. Code Ann. § 10-7-503(a)(7)(B); OORC Schedule of Reasonable Charges § I.G; OORC Model Public Records Policy § VI.B,https://www.mtas.tennessee.edu/reference/tennessee-public-records-statutes,The records custodian shall provide the requestor an estimate of the reasonable costs to provide copies of the requested material before producing them.
estimate.validityDays,Estimate validity period (days),fee_profiles:estimatePolicy.estimateValidityDays,TX,value_present+delegation,fixed,Requirement/Trigger,Statute,"$40, | 20%",TX-0028 TX-0029 TX-0030,Tex. Gov't Code § 552.2615(a) | Tex. Gov't Code § 552.2615(b) | Tex. Gov't Code § 552.2615(c),https://statutes.capitol.texas.gov/Docs/GV/htm/GV.552.htm#552.2615,"If a copy charge (or a § 552.271 paper-inspection charge) will exceed $40, the body must give the requestor a written itemized statement detailing all estimated charges (including labor/personnel), notice of any less-cos"
estimate.validityDays,Estimate validity period (days),fee_profiles:estimatePolicy.estimateValidityDays,UT,silent,,,,,,,,
estimate.validityDays,Estimate validity period (days),fee_profiles:estimatePolicy.estimateValidityDays,VA,actual_cost_or_reasonable,,Calculation/Requirement,,,VA-0025 VA-0026 VA-0029,Va. Code § 2.2-3704(F),https://law.lis.virginia.gov/vacode/title2.2/chapter37/section2.2-3704/,"Prior to conducting a search for records, the body shall notify the requester in writing that it may make reasonable charges not to exceed actual cost and inquire whether the requester would like a cost estimate in advan"
estimate.validityDays,Estimate validity period (days),fee_profiles:estimatePolicy.estimateValidityDays,WA,silent,,,,,,,,
estimate.validityDays,Estimate validity period (days),fee_profiles:estimatePolicy.estimateValidityDays,WI,silent,,,,,,,,
rules.deposit.threshold,Deposit / prepayment may be required above ($),fee_profiles:requestRules.deposit.threshold  (DUPLICATE: fee_waiver.deposit_allowed_above),AL,actual_cost_or_reasonable,,Requirement,Statute,,AL-0044,"Ala. Code § 36-12-44(b)(2) (added by SB270, 2024 Reg. Sess.)",https://alison.legislature.state.al.us/files/pdf/SearchableInstruments/2024RS/SB270-enr.pdf,"For a time-intensive request, the public officer shall require the requester to pay a reasonable fee set by the public officer before providing a substantive response."
rules.deposit.threshold,Deposit / prepayment may be required above ($),fee_profiles:requestRules.deposit.threshold  (DUPLICATE: fee_waiver.deposit_allowed_above),AZ,rule_without_value,ceiling,Permission,,,AZ-0022,Ariz. Rev. Stat. § 39-121.01(D)(1),https://www.azleg.gov/ars/39/00121-01.htm,The custodian may require a person requesting a mailed copy to pay in advance for any copying and postage charges.
rules.deposit.threshold,Deposit / prepayment may be required above ($),fee_profiles:requestRules.deposit.threshold  (DUPLICATE: fee_waiver.deposit_allowed_above),CA,silent,,,,,,,,
rules.deposit.threshold,Deposit / prepayment may be required above ($),fee_profiles:requestRules.deposit.threshold  (DUPLICATE: fee_waiver.deposit_allowed_above),CO,silent,,,,,,,,
rules.deposit.threshold,Deposit / prepayment may be required above ($),fee_profiles:requestRules.deposit.threshold  (DUPLICATE: fee_waiver.deposit_allowed_above),CT,rule_without_value,floor,Permission,,,CT-0022,Conn. Gen. Stat. § 1-212(c),https://www.cga.ct.gov/current/pub/chap_014.htm,A public agency may require prepayment of any fee if the fee is estimated to be ten dollars or more.
rules.deposit.threshold,Deposit / prepayment may be required above ($),fee_profiles:requestRules.deposit.threshold  (DUPLICATE: fee_waiver.deposit_allowed_above),FL,silent,,,,,,,,
rules.deposit.threshold,Deposit / prepayment may be required above ($),fee_profiles:requestRules.deposit.threshold  (DUPLICATE: fee_waiver.deposit_allowed_above),GA,value_present,,Permission,,$500.00,GA-0024,O.C.G.A. § 50-18-71(d),https://georgialibraries.org/librarylaws/Georgia%20Open%20Records%20Act%20(O.C.G.A.%20%C2%A7%C2%A7%2050-18-70%20through%2050-18-74).pdf,"Where the estimated production cost exceeds $500.00, the agency may insist on prepayment of the costs before beginning search, retrieval, review, or production."
rules.deposit.threshold,Deposit / prepayment may be required above ($),fee_profiles:requestRules.deposit.threshold  (DUPLICATE: fee_waiver.deposit_allowed_above),ID,rule_without_value,,Permission,,,ID-0024,Idaho Code § 74-102(12),https://legislature.idaho.gov/statutesrules/idstat/Title74/T74CH1/SECT74-102/,The custodian may require advance payment of the fees authorized by this section before providing the records.
rules.deposit.threshold,Deposit / prepayment may be required above ($),fee_profiles:requestRules.deposit.threshold  (DUPLICATE: fee_waiver.deposit_allowed_above),IL,silent,,,,,,,,
rules.deposit.threshold,Deposit / prepayment may be required above ($),fee_profiles:requestRules.deposit.threshold  (DUPLICATE: fee_waiver.deposit_allowed_above),IN,silent,,,,,,,,
rules.deposit.threshold,Deposit / prepayment may be required above ($),fee_profiles:requestRules.deposit.threshold  (DUPLICATE: fee_waiver.deposit_allowed_above),KS,rule_without_value,,Permission,Statute,,KS-0043,K.S.A. 45-218(f),https://ksrevisor.gov/statutes/chapters/ch45/045_002_0018.html,"A public agency may charge and require advance payment of a fee for providing access to or furnishing copies of public records, subject to K.S.A. 45-219."
rules.deposit.threshold,Deposit / prepayment may be required above ($),fee_profiles:requestRules.deposit.threshold  (DUPLICATE: fee_waiver.deposit_allowed_above),LA,rule_without_value,,Permission,Statute,,LA-0023,La. R.S. 44:32(C)(1)(a),https://www.legis.la.gov/Legis/Law.aspx?d=99691,The custodian may request payment of fees in advance of production.
rules.deposit.threshold,Deposit / prepayment may be required above ($),fee_profiles:requestRules.deposit.threshold  (DUPLICATE: fee_waiver.deposit_allowed_above),MA,rule_without_value,,Permission,Administrative Rule,,MA-0044,950 CMR 32.06(2)(f),https://www.mass.gov/regulations/950-CMR-3200-public-records-access,A records access officer may delay provision of records until all fees related to the request are paid in full by the person seeking access.
rules.deposit.threshold,Deposit / prepayment may be required above ($),fee_profiles:requestRules.deposit.threshold  (DUPLICATE: fee_waiver.deposit_allowed_above),MI,value_present,fixed,Calculation/Exception/Permission/Trigger,,"$50, | $50.00 | 100% | 3 days | 365 days | 45 days | 48 days",MI-0053 MI-0056 MI-0057 MI-0059 MI-0060,Mich. Comp. Laws § 15.234(11) | Mich. Comp. Laws § 15.234(12) | Mich. Comp. Laws § 15.234(14) | Mich. Comp. Laws § 15.234(8),https://www.legislature.mi.gov/Laws/MCL?objectName=MCL-15-234,"A public body may require a good-faith deposit before providing records if the entire estimated fee or charge exceeds $50, based on a good-faith total-fee calculation."
rules.deposit.threshold,Deposit / prepayment may be required above ($),fee_profiles:requestRules.deposit.threshold  (DUPLICATE: fee_waiver.deposit_allowed_above),MN,silent,,,,,,,,
rules.deposit.threshold,Deposit / prepayment may be required above ($),fee_profiles:requestRules.deposit.threshold  (DUPLICATE: fee_waiver.deposit_allowed_above),MO,rule_without_value,,Permission,,,MO-0025,"§ 610.026.2, RSMo",https://revisor.mo.gov/main/OneSection.aspx?section=610.026,Payment of fees may be requested prior to fulfilling the request.
rules.deposit.threshold,Deposit / prepayment may be required above ($),fee_profiles:requestRules.deposit.threshold  (DUPLICATE: fee_waiver.deposit_allowed_above),NC,silent,,,,,,,,
rules.deposit.threshold,Deposit / prepayment may be required above ($),fee_profiles:requestRules.deposit.threshold  (DUPLICATE: fee_waiver.deposit_allowed_above),NE,rule_without_value,fixed,Permission,Statute,,NE-0021,Neb. Rev. Stat. § 84-712(1),https://nebraskalegislature.gov/laws/statutes.php?statute=84-712,"If the estimated cost of requested copies exceeds fifty dollars, the custodian may require the requester to furnish a deposit before fulfilling the request."
rules.deposit.threshold,Deposit / prepayment may be required above ($),fee_profiles:requestRules.deposit.threshold  (DUPLICATE: fee_waiver.deposit_allowed_above),NJ,silent,,,,,,,,
rules.deposit.threshold,Deposit / prepayment may be required above ($),fee_profiles:requestRules.deposit.threshold  (DUPLICATE: fee_waiver.deposit_allowed_above),NV,silent,,,,,,,,
rules.deposit.threshold,Deposit / prepayment may be required above ($),fee_profiles:requestRules.deposit.threshold  (DUPLICATE: fee_waiver.deposit_allowed_above),NY,silent,,,,,,,,
rules.deposit.threshold,Deposit / prepayment may be required above ($),fee_profiles:requestRules.deposit.threshold  (DUPLICATE: fee_waiver.deposit_allowed_above),OH,rule_without_value,,Permission,Statute,,OH-0020,Ohio Rev. Code § 149.43(B)(6),https://codes.ohio.gov/ohio-revised-code/section-149.43,"A public office may require the requester to pay in advance the cost of providing a copy, in accordance with the format the requester chose."
rules.deposit.threshold,Deposit / prepayment may be required above ($),fee_profiles:requestRules.deposit.threshold  (DUPLICATE: fee_waiver.deposit_allowed_above),OK,silent,,,,,,,,
rules.deposit.threshold,Deposit / prepayment may be required above ($),fee_profiles:requestRules.deposit.threshold  (DUPLICATE: fee_waiver.deposit_allowed_above),OR,silent,,,,,,,,
rules.deposit.threshold,Deposit / prepayment may be required above ($),fee_profiles:requestRules.deposit.threshold  (DUPLICATE: fee_waiver.deposit_allowed_above),PA,value_present,fixed,Permission,Statute,$100,PA-0046,65 P.S. § 67.1307(h),https://www.legis.state.pa.us/WU01/LI/LI/US/HTM/2008/0/0003..HTM,An agency may require a requester to prepay an estimate of the authorized fees if the fees required to fulfill the request are expected to exceed $100.
rules.deposit.threshold,Deposit / prepayment may be required above ($),fee_profiles:requestRules.deposit.threshold  (DUPLICATE: fee_waiver.deposit_allowed_above),SC,silent,,,,,,,,
rules.deposit.threshold,Deposit / prepayment may be required above ($),fee_profiles:requestRules.deposit.threshold  (DUPLICATE: fee_waiver.deposit_allowed_above),TN,rule_without_value,,Permission,Official Guidance,,TN-0035,OORC Schedule of Reasonable Charges § I.E; Tenn. Code Ann. § 10-7-503(a)(7)(B),https://www.comptroller.tn.gov/content/dam/cot/orc/documents/oorc/policies-and-guidelines/ScheduleofReasonableCharges.pdf,A records custodian may require payment for copies before producing the copies of the records.
rules.deposit.threshold,Deposit / prepayment may be required above ($),fee_profiles:requestRules.deposit.threshold  (DUPLICATE: fee_waiver.deposit_allowed_above),TX,value_present,fixed,Permission,Statute,"$100 | $100, | $50 | $50,",TX-0034 TX-0035,Tex. Gov't Code § 552.263(a) | Tex. Gov't Code § 552.263(a-1),https://statutes.capitol.texas.gov/Docs/GV/htm/GV.552.htm#552.263,The officer may require a deposit or bond for anticipated copy costs once an itemized estimate has been provided and the estimated charge exceeds $100 (body with more than 15 full-time employees) or $50 (fewer than 16 fu
rules.deposit.threshold,Deposit / prepayment may be required above ($),fee_profiles:requestRules.deposit.threshold  (DUPLICATE: fee_waiver.deposit_allowed_above),UT,value_present,fixed,Calculation/Permission/Requirement,Statute,$50,UT-0037 UT-0038 UT-0039,Utah Code § 63G-2-203(8)(a) | Utah Code § 63G-2-203(8)(a)(i) | Utah Code § 63G-2-203(8)(b),https://le.utah.gov/xcode/Title63G/Chapter2/63G-2-S203.html,An entity may require payment of past fees and future estimated fees before beginning to process a request.
rules.deposit.threshold,Deposit / prepayment may be required above ($),fee_profiles:requestRules.deposit.threshold  (DUPLICATE: fee_waiver.deposit_allowed_above),VA,value_present,fixed,Permission,,"$200,",VA-0031,Va. Code § 2.2-3704(H),https://law.lis.virginia.gov/vacode/title2.2/chapter37/section2.2-3704/,"Where a public body determines in advance that charges are likely to exceed $200, it may, before continuing to process the request, require the requester to pay a deposit not to exceed the amount of the advance determina"
rules.deposit.threshold,Deposit / prepayment may be required above ($),fee_profiles:requestRules.deposit.threshold  (DUPLICATE: fee_waiver.deposit_allowed_above),WA,silent,,,,,,,,
rules.deposit.threshold,Deposit / prepayment may be required above ($),fee_profiles:requestRules.deposit.threshold  (DUPLICATE: fee_waiver.deposit_allowed_above),WI,value_present,fixed,Permission,Appellate Decision/Statute,$5,WI-0042 WI-0043 WI-0044,"State ex rel. Hill v. Zimmerman, 196 Wis. 2d 419, 538 N.W.2d 608 (Ct. App. 1995) | Wis. Stat. § 19.35(3)(f)",https://docs.legis.wisconsin.gov/statutes/statutes/19/ii/35,An authority may require prepayment of any fee(s) imposed under sub. (3) if the total amount exceeds $5.
rules.deposit.percent,Deposit capped at (% of estimate),fee_profiles:requestRules.deposit.percent  (DUPLICATE: fee_waiver.deposit_cap_pct),AL,silent,,,,,,,,
rules.deposit.percent,Deposit capped at (% of estimate),fee_profiles:requestRules.deposit.percent  (DUPLICATE: fee_waiver.deposit_cap_pct),AZ,silent,,,,,,,,
rules.deposit.percent,Deposit capped at (% of estimate),fee_profiles:requestRules.deposit.percent  (DUPLICATE: fee_waiver.deposit_cap_pct),CA,silent,,,,,,,,
rules.deposit.percent,Deposit capped at (% of estimate),fee_profiles:requestRules.deposit.percent  (DUPLICATE: fee_waiver.deposit_cap_pct),CO,silent,,,,,,,,
rules.deposit.percent,Deposit capped at (% of estimate),fee_profiles:requestRules.deposit.percent  (DUPLICATE: fee_waiver.deposit_cap_pct),CT,silent,,,,,,,,
rules.deposit.percent,Deposit capped at (% of estimate),fee_profiles:requestRules.deposit.percent  (DUPLICATE: fee_waiver.deposit_cap_pct),FL,silent,,,,,,,,
rules.deposit.percent,Deposit capped at (% of estimate),fee_profiles:requestRules.deposit.percent  (DUPLICATE: fee_waiver.deposit_cap_pct),GA,silent,,,,,,,,
rules.deposit.percent,Deposit capped at (% of estimate),fee_profiles:requestRules.deposit.percent  (DUPLICATE: fee_waiver.deposit_cap_pct),ID,silent,,,,,,,,
rules.deposit.percent,Deposit capped at (% of estimate),fee_profiles:requestRules.deposit.percent  (DUPLICATE: fee_waiver.deposit_cap_pct),IL,silent,,,,,,,,
rules.deposit.percent,Deposit capped at (% of estimate),fee_profiles:requestRules.deposit.percent  (DUPLICATE: fee_waiver.deposit_cap_pct),IN,silent,,,,,,,,
rules.deposit.percent,Deposit capped at (% of estimate),fee_profiles:requestRules.deposit.percent  (DUPLICATE: fee_waiver.deposit_cap_pct),KS,rule_without_value,,Permission,Statute,,KS-0043,K.S.A. 45-218(f),https://ksrevisor.gov/statutes/chapters/ch45/045_002_0018.html,"A public agency may charge and require advance payment of a fee for providing access to or furnishing copies of public records, subject to K.S.A. 45-219."
rules.deposit.percent,Deposit capped at (% of estimate),fee_profiles:requestRules.deposit.percent  (DUPLICATE: fee_waiver.deposit_cap_pct),LA,silent,,,,,,,,
rules.deposit.percent,Deposit capped at (% of estimate),fee_profiles:requestRules.deposit.percent  (DUPLICATE: fee_waiver.deposit_cap_pct),MA,silent,,,,,,,,
rules.deposit.percent,Deposit capped at (% of estimate),fee_profiles:requestRules.deposit.percent  (DUPLICATE: fee_waiver.deposit_cap_pct),MI,value_present,ceiling,Calculation/Exception/Permission/Trigger,,100% | 3 days | 365 days | 45 days | 48 days,MI-0054 MI-0056 MI-0057 MI-0059 MI-0060,Mich. Comp. Laws § 15.234(11) | Mich. Comp. Laws § 15.234(12) | Mich. Comp. Laws § 15.234(14) | Mich. Comp. Laws § 15.234(8),https://www.legislature.mi.gov/Laws/MCL?objectName=MCL-15-234,"A good-faith deposit must not exceed one-half of the total estimated fee, and the deposit request must include a detailed fee itemization."
rules.deposit.percent,Deposit capped at (% of estimate),fee_profiles:requestRules.deposit.percent  (DUPLICATE: fee_waiver.deposit_cap_pct),MN,silent,,,,,,,,
rules.deposit.percent,Deposit capped at (% of estimate),fee_profiles:requestRules.deposit.percent  (DUPLICATE: fee_waiver.deposit_cap_pct),MO,silent,,,,,,,,
rules.deposit.percent,Deposit capped at (% of estimate),fee_profiles:requestRules.deposit.percent  (DUPLICATE: fee_waiver.deposit_cap_pct),NC,silent,,,,,,,,
rules.deposit.percent,Deposit capped at (% of estimate),fee_profiles:requestRules.deposit.percent  (DUPLICATE: fee_waiver.deposit_cap_pct),NE,rule_without_value,fixed,Permission,Statute,,NE-0021,Neb. Rev. Stat. § 84-712(1),https://nebraskalegislature.gov/laws/statutes.php?statute=84-712,"If the estimated cost of requested copies exceeds fifty dollars, the custodian may require the requester to furnish a deposit before fulfilling the request."
rules.deposit.percent,Deposit capped at (% of estimate),fee_profiles:requestRules.deposit.percent  (DUPLICATE: fee_waiver.deposit_cap_pct),NJ,silent,,,,,,,,
rules.deposit.percent,Deposit capped at (% of estimate),fee_profiles:requestRules.deposit.percent  (DUPLICATE: fee_waiver.deposit_cap_pct),NV,silent,,,,,,,,
rules.deposit.percent,Deposit capped at (% of estimate),fee_profiles:requestRules.deposit.percent  (DUPLICATE: fee_waiver.deposit_cap_pct),NY,silent,,,,,,,,
rules.deposit.percent,Deposit capped at (% of estimate),fee_profiles:requestRules.deposit.percent  (DUPLICATE: fee_waiver.deposit_cap_pct),OH,silent,,,,,,,,
rules.deposit.percent,Deposit capped at (% of estimate),fee_profiles:requestRules.deposit.percent  (DUPLICATE: fee_waiver.deposit_cap_pct),OK,silent,,,,,,,,
rules.deposit.percent,Deposit capped at (% of estimate),fee_profiles:requestRules.deposit.percent  (DUPLICATE: fee_waiver.deposit_cap_pct),OR,silent,,,,,,,,
rules.deposit.percent,Deposit capped at (% of estimate),fee_profiles:requestRules.deposit.percent  (DUPLICATE: fee_waiver.deposit_cap_pct),PA,silent,,,,,,,,
rules.deposit.percent,Deposit capped at (% of estimate),fee_profiles:requestRules.deposit.percent  (DUPLICATE: fee_waiver.deposit_cap_pct),SC,rule_without_value,ceiling,Permission,,,SC-0018,S.C. Code Ann. § 30-4-30(B),https://www.scstatehouse.gov/code/t30c004.php,"A public body may require, prior to searching for or making copies of records, a deposit not to exceed twenty-five percent of the total reasonably anticipated cost for reproduction of the records."
rules.deposit.percent,Deposit capped at (% of estimate),fee_profiles:requestRules.deposit.percent  (DUPLICATE: fee_waiver.deposit_cap_pct),TN,silent,,,,,,,,
rules.deposit.percent,Deposit capped at (% of estimate),fee_profiles:requestRules.deposit.percent  (DUPLICATE: fee_waiver.deposit_cap_pct),TX,value_present,fixed,Permission,Statute,"$100 | $100,",TX-0035,Tex. Gov't Code § 552.263(a-1),https://statutes.capitol.texas.gov/Docs/GV/htm/GV.552.htm#552.263,"The officer may require a deposit or bond for unpaid amounts owed on prior requests if those unpaid amounts exceed $100, and this becomes the sole means of collecting those amounts."
rules.deposit.percent,Deposit capped at (% of estimate),fee_profiles:requestRules.deposit.percent  (DUPLICATE: fee_waiver.deposit_cap_pct),UT,silent,,,,,,,,
rules.deposit.percent,Deposit capped at (% of estimate),fee_profiles:requestRules.deposit.percent  (DUPLICATE: fee_waiver.deposit_cap_pct),VA,silent,,,,,,,,
rules.deposit.percent,Deposit capped at (% of estimate),fee_profiles:requestRules.deposit.percent  (DUPLICATE: fee_waiver.deposit_cap_pct),WA,rule_without_value,ceiling,Permission,,,WA-0031,RCW 42.56.120(4),https://app.leg.wa.gov/RCW/default.aspx?cite=42.56.120,An agency may require a deposit not exceeding ten percent of the estimated cost of providing copies for a request.
rules.deposit.percent,Deposit capped at (% of estimate),fee_profiles:requestRules.deposit.percent  (DUPLICATE: fee_waiver.deposit_cap_pct),WI,silent,,,,,,,,
payment.productionGate,Production may be conditioned on payment (pay before copies / pay in full before release),paymentTiming gates + fee_profiles bands,AL,actual_cost_or_reasonable,,Discretion/Permission/Requirement,Statute,,AL-0041 AL-0043 AL-0046 AL-0044,"Ala. Code § 36-12-44(a)(2) (added by SB270, 2024 Reg. Sess.) | Ala. Code § 36-12-44(b)(2) (added by SB270, 2024 Reg. Sess.)",https://alison.legislature.state.al.us/files/pdf/SearchableInstruments/2024RS/SB270-enr.pdf,"For a standard request where a fee is charged, the public officer shall withhold any public records until receipt of payment."
payment.productionGate,Production may be conditioned on payment (pay before copies / pay in full before release),paymentTiming gates + fee_profiles bands,AZ,rule_without_value,ceiling,Permission/Requirement,,,AZ-0023 AZ-0022,Ariz. Rev. Stat. § 39-121.01(D)(1) | Ariz. Rev. Stat. § 39-121.03(B),https://www.azleg.gov/ars/39/00121-01.htm https://www.azleg.gov/ars/39/00121-03.htm,"If no gubernatorial order issues within thirty days of a custodian's application, the custodian shall provide the commercial reproductions upon being paid the fee determined under § 39-121.03(A)."
payment.productionGate,Production may be conditioned on payment (pay before copies / pay in full before release),paymentTiming gates + fee_profiles bands,CA,actual_cost_or_reasonable,,Permission,,,CA-0025,Cal. Gov. Code § 7922.530(a) (Statute),https://leginfo.legislature.ca.gov/faces/codes_displaySection.xhtml?sectionNum=7922.530&lawCode=GOV,"The agency's duty is to make copies available upon payment of the duplication fees, permitting the agency to condition release of copies on payment."
payment.productionGate,Production may be conditioned on payment (pay before copies / pay in full before release),paymentTiming gates + fee_profiles bands,CO,silent,,,,,,,,
payment.productionGate,Production may be conditioned on payment (pay before copies / pay in full before release),paymentTiming gates + fee_profiles bands,CT,rule_without_value,floor,Permission,,,CT-0022,Conn. Gen. Stat. § 1-212(c),https://www.cga.ct.gov/current/pub/chap_014.htm,A public agency may require prepayment of any fee if the fee is estimated to be ten dollars or more.
payment.productionGate,Production may be conditioned on payment (pay before copies / pay in full before release),paymentTiming gates + fee_profiles bands,FL,silent,,,,,,,,
payment.productionGate,Production may be conditioned on payment (pay before copies / pay in full before release),paymentTiming gates + fee_profiles bands,GA,value_present,,Permission,,$500.00,GA-0023 GA-0026 GA-0024,O.C.G.A. § 50-18-71(c)(3) | O.C.G.A. § 50-18-71(d),https://georgialibraries.org/librarylaws/Georgia%20Open%20Records%20Act%20(O.C.G.A.%20%C2%A7%C2%A7%2050-18-70%20through%2050-18-74).pdf,"The agency may defer search and retrieval until the requester agrees to pay the estimated costs, unless the request already stated a willingness to pay an amount exceeding the search and retrieval costs."
payment.productionGate,Production may be conditioned on payment (pay before copies / pay in full before release),paymentTiming gates + fee_profiles bands,ID,rule_without_value,,Permission,,,ID-0024,Idaho Code § 74-102(12),https://legislature.idaho.gov/statutesrules/idstat/Title74/T74CH1/SECT74-102/,The custodian may require advance payment of the fees authorized by this section before providing the records.
payment.productionGate,Production may be conditioned on payment (pay before copies / pay in full before release),paymentTiming gates + fee_profiles bands,IL,rule_without_value,,Permission,,,IL-0019,5 ILCS 140/3.1(a); 5 ILCS 140/3.2(a),https://www.ilga.gov/documents/legislation/ilcs/documents/000501400K3.1.htm,"When it gives a fee estimate on a commercial or recurrent-requester request, the public body may require the requester to pay the fees in full before copying the requested documents."
payment.productionGate,Production may be conditioned on payment (pay before copies / pay in full before release),paymentTiming gates + fee_profiles bands,IN,silent,,,,,,,,
payment.productionGate,Production may be conditioned on payment (pay before copies / pay in full before release),paymentTiming gates + fee_profiles bands,KS,silent,,,,,,,,
payment.productionGate,Production may be conditioned on payment (pay before copies / pay in full before release),paymentTiming gates + fee_profiles bands,LA,rule_without_value,,Permission,Statute,,LA-0023,La. R.S. 44:32(C)(1)(a),https://www.legis.la.gov/Legis/Law.aspx?d=99691,The custodian may request payment of fees in advance of production.
payment.productionGate,Production may be conditioned on payment (pay before copies / pay in full before release),paymentTiming gates + fee_profiles bands,MA,actual_cost_or_reasonable,,Permission/Requirement,Administrative Rule/Statute,,MA-0043 MA-0044,"950 CMR 32.06(2)(f) | M.G.L. c. 66, § 10(a)(iii)",https://malegislature.gov/Laws/GeneralLaws/PartI/TitleX/Chapter66/Section10 https://www.mass.gov/regulations/950-CMR-3200-public-records-access,The production duty is conditioned on the RAO receiving payment of a reasonable fee as set forth in subsection (d).
payment.productionGate,Production may be conditioned on payment (pay before copies / pay in full before release),paymentTiming gates + fee_profiles bands,MI,silent,,,,,,,,
payment.productionGate,Production may be conditioned on payment (pay before copies / pay in full before release),paymentTiming gates + fee_profiles bands,MN,silent,,,,,,,,
payment.productionGate,Production may be conditioned on payment (pay before copies / pay in full before release),paymentTiming gates + fee_profiles bands,MO,rule_without_value,,Permission,,,MO-0025,"§ 610.026.2, RSMo",https://revisor.mo.gov/main/OneSection.aspx?section=610.026,Payment of fees may be requested prior to fulfilling the request.
payment.productionGate,Production may be conditioned on payment (pay before copies / pay in full before release),paymentTiming gates + fee_profiles bands,NC,silent,,,,,,,,
payment.productionGate,Production may be conditioned on payment (pay before copies / pay in full before release),paymentTiming gates + fee_profiles bands,NE,silent,,,,,,,,
payment.productionGate,Production may be conditioned on payment (pay before copies / pay in full before release),paymentTiming gates + fee_profiles bands,NJ,silent,,,,,,,,
payment.productionGate,Production may be conditioned on payment (pay before copies / pay in full before release),paymentTiming gates + fee_profiles bands,NV,rule_without_value,,Requirement,,,NV-0018,Nev. Rev. Stat. § 239.030,https://www.leg.state.nv.us/nrs/nrs-239.html,"For certified copies, the requester must pay or tender the prescribed copying and certifying fees as a condition of the officer's duty to furnish them."
payment.productionGate,Production may be conditioned on payment (pay before copies / pay in full before release),paymentTiming gates + fee_profiles bands,NY,silent,,,,,,,,
payment.productionGate,Production may be conditioned on payment (pay before copies / pay in full before release),paymentTiming gates + fee_profiles bands,OH,rule_without_value,,Permission,Statute,,OH-0020,Ohio Rev. Code § 149.43(B)(6),https://codes.ohio.gov/ohio-revised-code/section-149.43,"A public office may require the requester to pay in advance the cost of providing a copy, in accordance with the format the requester chose."
payment.productionGate,Production may be conditioned on payment (pay before copies / pay in full before release),paymentTiming gates + fee_profiles bands,OK,silent,,,,,,,,
payment.productionGate,Production may be conditioned on payment (pay before copies / pay in full before release),paymentTiming gates + fee_profiles bands,OR,rule_without_value,,Requirement,,,OR-0024,Or. Rev. Stat. § 192.329(3)(a),https://www.oregonlegislature.gov/bills_laws/ors/ors192.html,"If the public body has informed the requester of a permitted fee, its obligation to complete the response is suspended until the fee is paid, waived by the body, or ordered waived."
payment.productionGate,Production may be conditioned on payment (pay before copies / pay in full before release),paymentTiming gates + fee_profiles bands,PA,value_present,fixed,Permission,Statute,$100,PA-0046,65 P.S. § 67.1307(h),https://www.legis.state.pa.us/WU01/LI/LI/US/HTM/2008/0/0003..HTM,An agency may require a requester to prepay an estimate of the authorized fees if the fees required to fulfill the request are expected to exceed $100.
payment.productionGate,Production may be conditioned on payment (pay before copies / pay in full before release),paymentTiming gates + fee_profiles bands,SC,rule_without_value,,Requirement,,,SC-0019,S.C. Code Ann. § 30-4-30(C),https://www.scstatehouse.gov/code/t30c004.php,The full amount of the total cost must be paid at the time of the production of the request.
payment.productionGate,Production may be conditioned on payment (pay before copies / pay in full before release),paymentTiming gates + fee_profiles bands,TN,rule_without_value,,Permission,Official Guidance,,TN-0035,OORC Schedule of Reasonable Charges § I.E; Tenn. Code Ann. § 10-7-503(a)(7)(B),https://www.comptroller.tn.gov/content/dam/cot/orc/documents/oorc/policies-and-guidelines/ScheduleofReasonableCharges.pdf,A records custodian may require payment for copies before producing the copies of the records.
payment.productionGate,Production may be conditioned on payment (pay before copies / pay in full before release),paymentTiming gates + fee_profiles bands,TX,silent,,,,,,,,
payment.productionGate,Production may be conditioned on payment (pay before copies / pay in full before release),paymentTiming gates + fee_profiles bands,UT,value_present,fixed,Calculation/Permission/Requirement,Statute,$50,UT-0037 UT-0038 UT-0039,Utah Code § 63G-2-203(8)(a) | Utah Code § 63G-2-203(8)(a)(i) | Utah Code § 63G-2-203(8)(b),https://le.utah.gov/xcode/Title63G/Chapter2/63G-2-S203.html,An entity may require payment of past fees and future estimated fees before beginning to process a request.
payment.productionGate,Production may be conditioned on payment (pay before copies / pay in full before release),paymentTiming gates + fee_profiles bands,VA,silent,,,,,,,,
payment.productionGate,Production may be conditioned on payment (pay before copies / pay in full before release),paymentTiming gates + fee_profiles bands,WA,silent,,,,,,,,
payment.productionGate,Production may be conditioned on payment (pay before copies / pay in full before release),paymentTiming gates + fee_profiles bands,WI,value_present,fixed,Permission,Appellate Decision/Statute,$5,WI-0042 WI-0043 WI-0044,"State ex rel. Hill v. Zimmerman, 196 Wis. 2d 419, 538 N.W.2d 608 (Ct. App. 1995) | Wis. Stat. § 19.35(3)(f)",https://docs.legis.wisconsin.gov/statutes/statutes/19/ii/35,An authority may require prepayment of any fee(s) imposed under sub. (3) if the total amount exceeds $5.
payment.nonpayment,Nonpayment consequence (withdrawn after N days; prior-debt prepayment),feeNonpayment + estimatePolicy + jurisdiction_rules payment.deposit_lapse_action,AL,rule_without_value,,Permission,Statute,,AL-0042,"Ala. Code § 36-12-44(a)(2) (added by SB270, 2024 Reg. Sess.)",https://alison.legislature.state.al.us/files/pdf/SearchableInstruments/2024RS/SB270-enr.pdf,The requester may opt not to pay the fee and thus not receive any substantive response (standard request).
payment.nonpayment,Nonpayment consequence (withdrawn after N days; prior-debt prepayment),feeNonpayment + estimatePolicy + jurisdiction_rules payment.deposit_lapse_action,AZ,silent,,,,,,,,
payment.nonpayment,Nonpayment consequence (withdrawn after N days; prior-debt prepayment),feeNonpayment + estimatePolicy + jurisdiction_rules payment.deposit_lapse_action,CA,silent,,,,,,,,
payment.nonpayment,Nonpayment consequence (withdrawn after N days; prior-debt prepayment),feeNonpayment + estimatePolicy + jurisdiction_rules payment.deposit_lapse_action,CO,silent,,,,,,,,
payment.nonpayment,Nonpayment consequence (withdrawn after N days; prior-debt prepayment),feeNonpayment + estimatePolicy + jurisdiction_rules payment.deposit_lapse_action,CT,silent,,,,,,,,
payment.nonpayment,Nonpayment consequence (withdrawn after N days; prior-debt prepayment),feeNonpayment + estimatePolicy + jurisdiction_rules payment.deposit_lapse_action,FL,silent,,,,,,,,
payment.nonpayment,Nonpayment consequence (withdrawn after N days; prior-debt prepayment),feeNonpayment + estimatePolicy + jurisdiction_rules payment.deposit_lapse_action,GA,rule_without_value,,Permission,,,GA-0025,O.C.G.A. § 50-18-71(d),https://georgialibraries.org/librarylaws/Georgia%20Open%20Records%20Act%20(O.C.G.A.%20%C2%A7%C2%A7%2050-18-70%20through%2050-18-74).pdf,"Where a requester has not paid costs lawfully incurred for a prior request, the agency may require prepayment for all future requests from that person until the prior costs are paid or the payment dispute is resolved."
payment.nonpayment,Nonpayment consequence (withdrawn after N days; prior-debt prepayment),feeNonpayment + estimatePolicy + jurisdiction_rules payment.deposit_lapse_action,ID,silent,,,,,,,,
payment.nonpayment,Nonpayment consequence (withdrawn after N days; prior-debt prepayment),feeNonpayment + estimatePolicy + jurisdiction_rules payment.deposit_lapse_action,IL,silent,,,,,,,,
payment.nonpayment,Nonpayment consequence (withdrawn after N days; prior-debt prepayment),feeNonpayment + estimatePolicy + jurisdiction_rules payment.deposit_lapse_action,IN,silent,,,,,,,,
payment.nonpayment,Nonpayment consequence (withdrawn after N days; prior-debt prepayment),feeNonpayment + estimatePolicy + jurisdiction_rules payment.deposit_lapse_action,KS,rule_without_value,,Trigger,Statute,,KS-0042,K.S.A. 45-219(e)(2),https://ksrevisor.gov/statutes/chapters/ch45/045_002_0019.html,"If the agency has made reasonable efforts to contact the requester under subsection (e) and the requester fails to respond by the end of the third business day, the request is deemed withdrawn until the requester makes s"
payment.nonpayment,Nonpayment consequence (withdrawn after N days; prior-debt prepayment),feeNonpayment + estimatePolicy + jurisdiction_rules payment.deposit_lapse_action,LA,rule_without_value,,Permission,Statute,,LA-0024,La. R.S. 44:32(C)(1)(a),https://www.legis.la.gov/Legis/Law.aspx?d=99691,"The custodian need not provide copies where the requester fails to pay applicable copying fees after advance notice of the amount, or has an outstanding balance from a prior request."
payment.nonpayment,Nonpayment consequence (withdrawn after N days; prior-debt prepayment),feeNonpayment + estimatePolicy + jurisdiction_rules payment.deposit_lapse_action,MA,defers_to_city,,Permission/Prohibition/Requirement,Statute,,MA-0040 MA-0041 MA-0042,"M.G.L. c. 66, § 10(d)(vi) | M.G.L. c. 66, § 10(d)(vii) | M.G.L. c. 66, § 10(e)",https://malegislature.gov/Laws/GeneralLaws/PartI/TitleX/Chapter66/Section10,A records access officer shall not charge a fee for a public record unless the RAO responded to the requestor within 10 business days under subsection (b).
payment.nonpayment,Nonpayment consequence (withdrawn after N days; prior-debt prepayment),feeNonpayment + estimatePolicy + jurisdiction_rules payment.deposit_lapse_action,MI,value_present,fixed,Remedy/Requirement,,5% | 50%,MI-0045 MI-0051,Mich. Comp. Laws § 15.234(3) | Mich. Comp. Laws § 15.234(9),https://www.legislature.mi.gov/Laws/MCL?objectName=MCL-15-234,"A fee for search, examination, review, and separation/deletion of exempt material may not be charged unless failure to charge would result in unreasonably high costs to the public body because of the nature of the reques"
payment.nonpayment,Nonpayment consequence (withdrawn after N days; prior-debt prepayment),feeNonpayment + estimatePolicy + jurisdiction_rules payment.deposit_lapse_action,MN,silent,,,,,,,,
payment.nonpayment,Nonpayment consequence (withdrawn after N days; prior-debt prepayment),feeNonpayment + estimatePolicy + jurisdiction_rules payment.deposit_lapse_action,MO,rule_without_value,fixed,Requirement/Trigger,,,MO-0026 MO-0027,"§ 610.026.2, RSMo",https://revisor.mo.gov/main/OneSection.aspx?section=610.026,"A request is considered withdrawn if the requester fails to remit all fees within ninety days, or within one hundred fifty days if the requested fees are greater than one thousand dollars."
payment.nonpayment,Nonpayment consequence (withdrawn after N days; prior-debt prepayment),feeNonpayment + estimatePolicy + jurisdiction_rules payment.deposit_lapse_action,NC,silent,,,,,,,,
payment.nonpayment,Nonpayment consequence (withdrawn after N days; prior-debt prepayment),feeNonpayment + estimatePolicy + jurisdiction_rules payment.deposit_lapse_action,NE,rule_without_value,fixed,Trigger,Statute,,NE-0016,Neb. Rev. Stat. § 84-712(4),https://nebraskalegislature.gov/laws/statutes.php?statute=84-712,"If the requester does not respond to the custodian within ten business days of the cost estimate, the custodian shall not proceed to fulfill the request."
payment.nonpayment,Nonpayment consequence (withdrawn after N days; prior-debt prepayment),feeNonpayment + estimatePolicy + jurisdiction_rules payment.deposit_lapse_action,NJ,silent,,,,,,,,
payment.nonpayment,Nonpayment consequence (withdrawn after N days; prior-debt prepayment),feeNonpayment + estimatePolicy + jurisdiction_rules payment.deposit_lapse_action,NV,silent,,,,,,,,
payment.nonpayment,Nonpayment consequence (withdrawn after N days; prior-debt prepayment),feeNonpayment + estimatePolicy + jurisdiction_rules payment.deposit_lapse_action,NY,silent,,,,,,,,
payment.nonpayment,Nonpayment consequence (withdrawn after N days; prior-debt prepayment),feeNonpayment + estimatePolicy + jurisdiction_rules payment.deposit_lapse_action,OH,silent,,,,,,,,
payment.nonpayment,Nonpayment consequence (withdrawn after N days; prior-debt prepayment),feeNonpayment + estimatePolicy + jurisdiction_rules payment.deposit_lapse_action,OK,actual_cost_or_reasonable,,Permission,,,OK-0019,"Okla. Stat. tit. 51, § 24A.5(4)",https://www.oscn.net/applications/oscn/deliverdocument.asp?citeid=80292,"If a request is solely for a commercial purpose, or would clearly cause excessive disruption of the body's essential functions, the body may charge a reasonable fee to recover the direct cost of record search and copying"
payment.nonpayment,Nonpayment consequence (withdrawn after N days; prior-debt prepayment),feeNonpayment + estimatePolicy + jurisdiction_rules payment.deposit_lapse_action,OR,value_present,fixed,Trigger,,60 days,OR-0025,Or. Rev. Stat. § 192.329(3)(b),https://www.oregonlegislature.gov/bills_laws/ors/ors192.html,"If the requester fails to pay the fee within 60 days of being informed of the fee (or within 60 days of denial of a fee waiver), the public body shall close the request."
payment.nonpayment,Nonpayment consequence (withdrawn after N days; prior-debt prepayment),feeNonpayment + estimatePolicy + jurisdiction_rules payment.deposit_lapse_action,PA,silent,,,,,,,,
payment.nonpayment,Nonpayment consequence (withdrawn after N days; prior-debt prepayment),feeNonpayment + estimatePolicy + jurisdiction_rules payment.deposit_lapse_action,SC,silent,,,,,,,,
payment.nonpayment,Nonpayment consequence (withdrawn after N days; prior-debt prepayment),feeNonpayment + estimatePolicy + jurisdiction_rules payment.deposit_lapse_action,TN,silent,,,,,,,,
payment.nonpayment,Nonpayment consequence (withdrawn after N days; prior-debt prepayment),feeNonpayment + estimatePolicy + jurisdiction_rules payment.deposit_lapse_action,TX,silent,,,,,,,,
payment.nonpayment,Nonpayment consequence (withdrawn after N days; prior-debt prepayment),feeNonpayment + estimatePolicy + jurisdiction_rules payment.deposit_lapse_action,UT,silent,,,,,,,,
payment.nonpayment,Nonpayment consequence (withdrawn after N days; prior-debt prepayment),feeNonpayment + estimatePolicy + jurisdiction_rules payment.deposit_lapse_action,VA,silent,,,,,,,,
payment.nonpayment,Nonpayment consequence (withdrawn after N days; prior-debt prepayment),feeNonpayment + estimatePolicy + jurisdiction_rules payment.deposit_lapse_action,WA,rule_without_value,,Trigger,,,WA-0032,RCW 42.56.120(4),https://app.leg.wa.gov/RCW/default.aspx?cite=42.56.120,"If the requester fails to inspect, pay for, or claim an installment of a records request, the agency need not fulfill the balance of the request."
payment.nonpayment,Nonpayment consequence (withdrawn after N days; prior-debt prepayment),feeNonpayment + estimatePolicy + jurisdiction_rules payment.deposit_lapse_action,WI,silent,,,,,,,,
payment.depositClock,Statutory clock effect while a deposit is unpaid; grace; lapse action,"jurisdiction_rules:payment.{deposit_clock_effect,deposit_grace_days,deposit_lapse_action}",AL,actual_cost_or_reasonable,,Requirement,Statute,,AL-0044,"Ala. Code § 36-12-44(b)(2) (added by SB270, 2024 Reg. Sess.)",https://alison.legislature.state.al.us/files/pdf/SearchableInstruments/2024RS/SB270-enr.pdf,"For a time-intensive request, the public officer shall require the requester to pay a reasonable fee set by the public officer before providing a substantive response."
payment.depositClock,Statutory clock effect while a deposit is unpaid; grace; lapse action,"jurisdiction_rules:payment.{deposit_clock_effect,deposit_grace_days,deposit_lapse_action}",AZ,rule_without_value,ceiling,Permission,,,AZ-0022,Ariz. Rev. Stat. § 39-121.01(D)(1),https://www.azleg.gov/ars/39/00121-01.htm,The custodian may require a person requesting a mailed copy to pay in advance for any copying and postage charges.
payment.depositClock,Statutory clock effect while a deposit is unpaid; grace; lapse action,"jurisdiction_rules:payment.{deposit_clock_effect,deposit_grace_days,deposit_lapse_action}",CA,silent,,,,,,,,
payment.depositClock,Statutory clock effect while a deposit is unpaid; grace; lapse action,"jurisdiction_rules:payment.{deposit_clock_effect,deposit_grace_days,deposit_lapse_action}",CO,silent,,,,,,,,
payment.depositClock,Statutory clock effect while a deposit is unpaid; grace; lapse action,"jurisdiction_rules:payment.{deposit_clock_effect,deposit_grace_days,deposit_lapse_action}",CT,rule_without_value,floor,Permission,,,CT-0022,Conn. Gen. Stat. § 1-212(c),https://www.cga.ct.gov/current/pub/chap_014.htm,A public agency may require prepayment of any fee if the fee is estimated to be ten dollars or more.
payment.depositClock,Statutory clock effect while a deposit is unpaid; grace; lapse action,"jurisdiction_rules:payment.{deposit_clock_effect,deposit_grace_days,deposit_lapse_action}",FL,silent,,,,,,,,
payment.depositClock,Statutory clock effect while a deposit is unpaid; grace; lapse action,"jurisdiction_rules:payment.{deposit_clock_effect,deposit_grace_days,deposit_lapse_action}",GA,value_present,,Permission,,$500.00,GA-0024,O.C.G.A. § 50-18-71(d),https://georgialibraries.org/librarylaws/Georgia%20Open%20Records%20Act%20(O.C.G.A.%20%C2%A7%C2%A7%2050-18-70%20through%2050-18-74).pdf,"Where the estimated production cost exceeds $500.00, the agency may insist on prepayment of the costs before beginning search, retrieval, review, or production."
payment.depositClock,Statutory clock effect while a deposit is unpaid; grace; lapse action,"jurisdiction_rules:payment.{deposit_clock_effect,deposit_grace_days,deposit_lapse_action}",ID,rule_without_value,,Permission,,,ID-0024,Idaho Code § 74-102(12),https://legislature.idaho.gov/statutesrules/idstat/Title74/T74CH1/SECT74-102/,The custodian may require advance payment of the fees authorized by this section before providing the records.
payment.depositClock,Statutory clock effect while a deposit is unpaid; grace; lapse action,"jurisdiction_rules:payment.{deposit_clock_effect,deposit_grace_days,deposit_lapse_action}",IL,silent,,,,,,,,
payment.depositClock,Statutory clock effect while a deposit is unpaid; grace; lapse action,"jurisdiction_rules:payment.{deposit_clock_effect,deposit_grace_days,deposit_lapse_action}",IN,silent,,,,,,,,
payment.depositClock,Statutory clock effect while a deposit is unpaid; grace; lapse action,"jurisdiction_rules:payment.{deposit_clock_effect,deposit_grace_days,deposit_lapse_action}",KS,rule_without_value,,Permission,Statute,,KS-0043,K.S.A. 45-218(f),https://ksrevisor.gov/statutes/chapters/ch45/045_002_0018.html,"A public agency may charge and require advance payment of a fee for providing access to or furnishing copies of public records, subject to K.S.A. 45-219."
payment.depositClock,Statutory clock effect while a deposit is unpaid; grace; lapse action,"jurisdiction_rules:payment.{deposit_clock_effect,deposit_grace_days,deposit_lapse_action}",LA,rule_without_value,,Permission,Statute,,LA-0023,La. R.S. 44:32(C)(1)(a),https://www.legis.la.gov/Legis/Law.aspx?d=99691,The custodian may request payment of fees in advance of production.
payment.depositClock,Statutory clock effect while a deposit is unpaid; grace; lapse action,"jurisdiction_rules:payment.{deposit_clock_effect,deposit_grace_days,deposit_lapse_action}",MA,rule_without_value,,Permission,Administrative Rule,,MA-0044,950 CMR 32.06(2)(f),https://www.mass.gov/regulations/950-CMR-3200-public-records-access,A records access officer may delay provision of records until all fees related to the request are paid in full by the person seeking access.
payment.depositClock,Statutory clock effect while a deposit is unpaid; grace; lapse action,"jurisdiction_rules:payment.{deposit_clock_effect,deposit_grace_days,deposit_lapse_action}",MI,value_present,fixed,Calculation/Exception/Permission/Trigger,,100% | 3 days | 365 days | 45 days | 48 days,MI-0056 MI-0057 MI-0059 MI-0060,Mich. Comp. Laws § 15.234(11) | Mich. Comp. Laws § 15.234(12) | Mich. Comp. Laws § 15.234(14),https://www.legislature.mi.gov/Laws/MCL?objectName=MCL-15-234,"For a subsequent request from an individual who did not pay in full for a prior fulfilled request, the body may require a deposit of up to 100% of the estimated fee before beginning the search, if six enumerated conditio"
payment.depositClock,Statutory clock effect while a deposit is unpaid; grace; lapse action,"jurisdiction_rules:payment.{deposit_clock_effect,deposit_grace_days,deposit_lapse_action}",MN,silent,,,,,,,,
payment.depositClock,Statutory clock effect while a deposit is unpaid; grace; lapse action,"jurisdiction_rules:payment.{deposit_clock_effect,deposit_grace_days,deposit_lapse_action}",MO,rule_without_value,,Permission,,,MO-0025,"§ 610.026.2, RSMo",https://revisor.mo.gov/main/OneSection.aspx?section=610.026,Payment of fees may be requested prior to fulfilling the request.
payment.depositClock,Statutory clock effect while a deposit is unpaid; grace; lapse action,"jurisdiction_rules:payment.{deposit_clock_effect,deposit_grace_days,deposit_lapse_action}",NC,silent,,,,,,,,
payment.depositClock,Statutory clock effect while a deposit is unpaid; grace; lapse action,"jurisdiction_rules:payment.{deposit_clock_effect,deposit_grace_days,deposit_lapse_action}",NE,rule_without_value,fixed,Permission,Statute,,NE-0021,Neb. Rev. Stat. § 84-712(1),https://nebraskalegislature.gov/laws/statutes.php?statute=84-712,"If the estimated cost of requested copies exceeds fifty dollars, the custodian may require the requester to furnish a deposit before fulfilling the request."
payment.depositClock,Statutory clock effect while a deposit is unpaid; grace; lapse action,"jurisdiction_rules:payment.{deposit_clock_effect,deposit_grace_days,deposit_lapse_action}",NJ,silent,,,,,,,,
payment.depositClock,Statutory clock effect while a deposit is unpaid; grace; lapse action,"jurisdiction_rules:payment.{deposit_clock_effect,deposit_grace_days,deposit_lapse_action}",NV,silent,,,,,,,,
payment.depositClock,Statutory clock effect while a deposit is unpaid; grace; lapse action,"jurisdiction_rules:payment.{deposit_clock_effect,deposit_grace_days,deposit_lapse_action}",NY,silent,,,,,,,,
payment.depositClock,Statutory clock effect while a deposit is unpaid; grace; lapse action,"jurisdiction_rules:payment.{deposit_clock_effect,deposit_grace_days,deposit_lapse_action}",OH,rule_without_value,,Permission,Statute,,OH-0020,Ohio Rev. Code § 149.43(B)(6),https://codes.ohio.gov/ohio-revised-code/section-149.43,"A public office may require the requester to pay in advance the cost of providing a copy, in accordance with the format the requester chose."
payment.depositClock,Statutory clock effect while a deposit is unpaid; grace; lapse action,"jurisdiction_rules:payment.{deposit_clock_effect,deposit_grace_days,deposit_lapse_action}",OK,silent,,,,,,,,
payment.depositClock,Statutory clock effect while a deposit is unpaid; grace; lapse action,"jurisdiction_rules:payment.{deposit_clock_effect,deposit_grace_days,deposit_lapse_action}",OR,silent,,,,,,,,
payment.depositClock,Statutory clock effect while a deposit is unpaid; grace; lapse action,"jurisdiction_rules:payment.{deposit_clock_effect,deposit_grace_days,deposit_lapse_action}",PA,value_present,fixed,Permission,Statute,$100,PA-0046,65 P.S. § 67.1307(h),https://www.legis.state.pa.us/WU01/LI/LI/US/HTM/2008/0/0003..HTM,An agency may require a requester to prepay an estimate of the authorized fees if the fees required to fulfill the request are expected to exceed $100.
payment.depositClock,Statutory clock effect while a deposit is unpaid; grace; lapse action,"jurisdiction_rules:payment.{deposit_clock_effect,deposit_grace_days,deposit_lapse_action}",SC,silent,,,,,,,,
payment.depositClock,Statutory clock effect while a deposit is unpaid; grace; lapse action,"jurisdiction_rules:payment.{deposit_clock_effect,deposit_grace_days,deposit_lapse_action}",TN,rule_without_value,,Permission,Official Guidance,,TN-0035,OORC Schedule of Reasonable Charges § I.E; Tenn. Code Ann. § 10-7-503(a)(7)(B),https://www.comptroller.tn.gov/content/dam/cot/orc/documents/oorc/policies-and-guidelines/ScheduleofReasonableCharges.pdf,A records custodian may require payment for copies before producing the copies of the records.
payment.depositClock,Statutory clock effect while a deposit is unpaid; grace; lapse action,"jurisdiction_rules:payment.{deposit_clock_effect,deposit_grace_days,deposit_lapse_action}",TX,value_present,fixed,Permission,Statute,"$100 | $100,",TX-0035,Tex. Gov't Code § 552.263(a-1),https://statutes.capitol.texas.gov/Docs/GV/htm/GV.552.htm#552.263,"The officer may require a deposit or bond for unpaid amounts owed on prior requests if those unpaid amounts exceed $100, and this becomes the sole means of collecting those amounts."
payment.depositClock,Statutory clock effect while a deposit is unpaid; grace; lapse action,"jurisdiction_rules:payment.{deposit_clock_effect,deposit_grace_days,deposit_lapse_action}",UT,value_present,fixed,Calculation/Permission/Requirement,Statute,$50,UT-0037 UT-0038 UT-0039,Utah Code § 63G-2-203(8)(a) | Utah Code § 63G-2-203(8)(a)(i) | Utah Code § 63G-2-203(8)(b),https://le.utah.gov/xcode/Title63G/Chapter2/63G-2-S203.html,An entity may require payment of past fees and future estimated fees before beginning to process a request.
payment.depositClock,Statutory clock effect while a deposit is unpaid; grace; lapse action,"jurisdiction_rules:payment.{deposit_clock_effect,deposit_grace_days,deposit_lapse_action}",VA,silent,,,,,,,,
payment.depositClock,Statutory clock effect while a deposit is unpaid; grace; lapse action,"jurisdiction_rules:payment.{deposit_clock_effect,deposit_grace_days,deposit_lapse_action}",WA,silent,,,,,,,,
payment.depositClock,Statutory clock effect while a deposit is unpaid; grace; lapse action,"jurisdiction_rules:payment.{deposit_clock_effect,deposit_grace_days,deposit_lapse_action}",WI,value_present,fixed,Permission,Appellate Decision/Statute,$5,WI-0042 WI-0043 WI-0044,"State ex rel. Hill v. Zimmerman, 196 Wis. 2d 419, 538 N.W.2d 608 (Ct. App. 1995) | Wis. Stat. § 19.35(3)(f)",https://docs.legis.wisconsin.gov/statutes/statutes/19/ii/35,An authority may require prepayment of any fee(s) imposed under sub. (3) if the total amount exceeds $5.
payment.reissue,Overrun re-issue rules (revised estimate required / blocks collection / restarts window),jurisdiction_rules:payment.reissue_*,AL,rule_without_value,,Requirement,Statute,,AL-0040 AL-0045,"Ala. Code § 36-12-44(a)(2) (added by SB270, 2024 Reg. Sess.) | Ala. Code § 36-12-44(b)(2) (added by SB270, 2024 Reg. Sess.)",https://alison.legislature.state.al.us/files/pdf/SearchableInstruments/2024RS/SB270-enr.pdf,"If the public officer elects to charge a fee for a standard request, the officer shall notify the requester of the estimated fee and withhold any public records until receipt of payment."
payment.reissue,Overrun re-issue rules (revised estimate required / blocks collection / restarts window),jurisdiction_rules:payment.reissue_*,AZ,silent,,,,,,,,
payment.reissue,Overrun re-issue rules (revised estimate required / blocks collection / restarts window),jurisdiction_rules:payment.reissue_*,CA,silent,,,,,,,,
payment.reissue,Overrun re-issue rules (revised estimate required / blocks collection / restarts window),jurisdiction_rules:payment.reissue_*,CO,silent,,,,,,,,
payment.reissue,Overrun re-issue rules (revised estimate required / blocks collection / restarts window),jurisdiction_rules:payment.reissue_*,CT,silent,,,,,,,,
payment.reissue,Overrun re-issue rules (revised estimate required / blocks collection / restarts window),jurisdiction_rules:payment.reissue_*,FL,silent,,,,,,,,
payment.reissue,Overrun re-issue rules (revised estimate required / blocks collection / restarts window),jurisdiction_rules:payment.reissue_*,GA,value_present,,Requirement,,$25.00,GA-0022,O.C.G.A. § 50-18-71(d),https://georgialibraries.org/librarylaws/Georgia%20Open%20Records%20Act%20(O.C.G.A.%20%C2%A7%C2%A7%2050-18-70%20through%2050-18-74).pdf,"Where an agency will seek costs in excess of $25.00 to respond, it shall notify the requester within three business days and inform the requester of the cost estimate."
payment.reissue,Overrun re-issue rules (revised estimate required / blocks collection / restarts window),jurisdiction_rules:payment.reissue_*,ID,silent,,,,,,,,
payment.reissue,Overrun re-issue rules (revised estimate required / blocks collection / restarts window),jurisdiction_rules:payment.reissue_*,IL,silent,,,,,,,,
payment.reissue,Overrun re-issue rules (revised estimate required / blocks collection / restarts window),jurisdiction_rules:payment.reissue_*,IN,silent,,,,,,,,
payment.reissue,Overrun re-issue rules (revised estimate required / blocks collection / restarts window),jurisdiction_rules:payment.reissue_*,KS,value_present,fixed,Requirement,Statute,"$200,",KS-0039 KS-0041,K.S.A. 45-219(c)(4) | K.S.A. 45-219(e)(1),https://ksrevisor.gov/statutes/chapters/ch45/045_002_0019.html,"Upon request, the agency shall provide an itemized statement of costs charged to the requester, including the hourly rates for each employee involved and an itemized list of any other fees."
payment.reissue,Overrun re-issue rules (revised estimate required / blocks collection / restarts window),jurisdiction_rules:payment.reissue_*,LA,silent,,,,,,,,
payment.reissue,Overrun re-issue rules (revised estimate required / blocks collection / restarts window),jurisdiction_rules:payment.reissue_*,MA,rule_without_value,,Requirement,Administrative Rule,,MA-0039,950 CMR 32.07(2)(b),https://www.mass.gov/regulations/950-CMR-3200-public-records-access,"If fees are to be assessed, the RAO must provide a written, itemized, good-faith estimate of fees before complying, within the 10-business-day response."
payment.reissue,Overrun re-issue rules (revised estimate required / blocks collection / restarts window),jurisdiction_rules:payment.reissue_*,MI,rule_without_value,,Requirement,,,MI-0048,Mich. Comp. Laws § 15.234(4),https://www.legislature.mi.gov/Laws/MCL?objectName=MCL-15-234,A public body's procedures must use a standard form for detailed itemization of any fee that clearly lists and explains the allowable charges for each of the six fee components used in estimating or charging.
payment.reissue,Overrun re-issue rules (revised estimate required / blocks collection / restarts window),jurisdiction_rules:payment.reissue_*,MN,silent,,,,,,,,
payment.reissue,Overrun re-issue rules (revised estimate required / blocks collection / restarts window),jurisdiction_rules:payment.reissue_*,MO,rule_without_value,,Permission,,,MO-0022,"§ 610.026.1(1), RSMo",https://revisor.mo.gov/main/OneSection.aspx?section=610.026,A requester may request an estimate of the cost of copies before the public body produces them.
payment.reissue,Overrun re-issue rules (revised estimate required / blocks collection / restarts window),jurisdiction_rules:payment.reissue_*,NC,silent,,,,,,,,
payment.reissue,Overrun re-issue rules (revised estimate required / blocks collection / restarts window),jurisdiction_rules:payment.reissue_*,NE,rule_without_value,,Requirement,Statute,,NE-0018,Neb. Rev. Stat. § 84-712(4),https://nebraskalegislature.gov/laws/statutes.php?statute=84-712,"With its timely response, the custodian must provide the requester an estimate of the expected cost of the copies."
payment.reissue,Overrun re-issue rules (revised estimate required / blocks collection / restarts window),jurisdiction_rules:payment.reissue_*,NJ,silent,,,,,,,,
payment.reissue,Overrun re-issue rules (revised estimate required / blocks collection / restarts window),jurisdiction_rules:payment.reissue_*,NV,silent,,,,,,,,
payment.reissue,Overrun re-issue rules (revised estimate required / blocks collection / restarts window),jurisdiction_rules:payment.reissue_*,NY,rule_without_value,,Requirement,Statute,,NY-0031,N.Y. Pub. Off. Law § 87(1)(c),https://www.nysenate.gov/legislation/laws/PBO/87,The requester shall be informed of the estimated cost of preparing the copy if more than two hours of employee time is needed or if an outside professional service would be retained.
payment.reissue,Overrun re-issue rules (revised estimate required / blocks collection / restarts window),jurisdiction_rules:payment.reissue_*,OH,silent,,,,,,,,
payment.reissue,Overrun re-issue rules (revised estimate required / blocks collection / restarts window),jurisdiction_rules:payment.reissue_*,OK,silent,,,,,,,,
payment.reissue,Overrun re-issue rules (revised estimate required / blocks collection / restarts window),jurisdiction_rules:payment.reissue_*,OR,value_present,fixed,Prohibition,,$25,OR-0022,Or. Rev. Stat. § 192.324(4)(c),https://www.oregonlegislature.gov/bills_laws/ors/ors192.html,A public body may not establish a fee greater than $25 unless it first provides the requester written notification of the estimated fee amount and the requester confirms that it wants the public body to proceed.
payment.reissue,Overrun re-issue rules (revised estimate required / blocks collection / restarts window),jurisdiction_rules:payment.reissue_*,PA,silent,,,,,,,,
payment.reissue,Overrun re-issue rules (revised estimate required / blocks collection / restarts window),jurisdiction_rules:payment.reissue_*,SC,silent,,,,,,,,
payment.reissue,Overrun re-issue rules (revised estimate required / blocks collection / restarts window),jurisdiction_rules:payment.reissue_*,TN,actual_cost_or_reasonable,,Requirement,Statute,,TN-0034,Tenn. Code Ann. § 10-7-503(a)(7)(B); OORC Schedule of Reasonable Charges § I.G; OORC Model Public Records Policy § VI.B,https://www.mtas.tennessee.edu/reference/tennessee-public-records-statutes,The records custodian shall provide the requestor an estimate of the reasonable costs to provide copies of the requested material before producing them.
payment.reissue,Overrun re-issue rules (revised estimate required / blocks collection / restarts window),jurisdiction_rules:payment.reissue_*,TX,value_present+delegation,fixed,Requirement/Trigger,Statute,"$40, | 20%",TX-0028 TX-0029 TX-0030,Tex. Gov't Code § 552.2615(a) | Tex. Gov't Code § 552.2615(b) | Tex. Gov't Code § 552.2615(c),https://statutes.capitol.texas.gov/Docs/GV/htm/GV.552.htm#552.2615,"If a copy charge (or a § 552.271 paper-inspection charge) will exceed $40, the body must give the requestor a written itemized statement detailing all estimated charges (including labor/personnel), notice of any less-cos"
payment.reissue,Overrun re-issue rules (revised estimate required / blocks collection / restarts window),jurisdiction_rules:payment.reissue_*,UT,silent,,,,,,,,
payment.reissue,Overrun re-issue rules (revised estimate required / blocks collection / restarts window),jurisdiction_rules:payment.reissue_*,VA,actual_cost_or_reasonable,,Calculation/Requirement,,,VA-0025 VA-0026 VA-0029,Va. Code § 2.2-3704(F),https://law.lis.virginia.gov/vacode/title2.2/chapter37/section2.2-3704/,"Prior to conducting a search for records, the body shall notify the requester in writing that it may make reasonable charges not to exceed actual cost and inquire whether the requester would like a cost estimate in advan"
payment.reissue,Overrun re-issue rules (revised estimate required / blocks collection / restarts window),jurisdiction_rules:payment.reissue_*,WA,silent,,,,,,,,
payment.reissue,Overrun re-issue rules (revised estimate required / blocks collection / restarts window),jurisdiction_rules:payment.reissue_*,WI,silent,,,,,,,,
payment.method,Electronic payment method offered,fee_profiles:payment_mode (operational; not law-driven except VA),AL,silent,,,,,,,,
payment.method,Electronic payment method offered,fee_profiles:payment_mode (operational; not law-driven except VA),AZ,silent,,,,,,,,
payment.method,Electronic payment method offered,fee_profiles:payment_mode (operational; not law-driven except VA),CA,silent,,,,,,,,
payment.method,Electronic payment method offered,fee_profiles:payment_mode (operational; not law-driven except VA),CO,silent,,,,,,,,
payment.method,Electronic payment method offered,fee_profiles:payment_mode (operational; not law-driven except VA),CT,silent,,,,,,,,
payment.method,Electronic payment method offered,fee_profiles:payment_mode (operational; not law-driven except VA),FL,silent,,,,,,,,
payment.method,Electronic payment method offered,fee_profiles:payment_mode (operational; not law-driven except VA),GA,silent,,,,,,,,
payment.method,Electronic payment method offered,fee_profiles:payment_mode (operational; not law-driven except VA),ID,silent,,,,,,,,
payment.method,Electronic payment method offered,fee_profiles:payment_mode (operational; not law-driven except VA),IL,silent,,,,,,,,
payment.method,Electronic payment method offered,fee_profiles:payment_mode (operational; not law-driven except VA),IN,silent,,,,,,,,
payment.method,Electronic payment method offered,fee_profiles:payment_mode (operational; not law-driven except VA),KS,silent,,,,,,,,
payment.method,Electronic payment method offered,fee_profiles:payment_mode (operational; not law-driven except VA),LA,silent,,,,,,,,
payment.method,Electronic payment method offered,fee_profiles:payment_mode (operational; not law-driven except VA),MA,silent,,,,,,,,
payment.method,Electronic payment method offered,fee_profiles:payment_mode (operational; not law-driven except VA),MI,silent,,,,,,,,
payment.method,Electronic payment method offered,fee_profiles:payment_mode (operational; not law-driven except VA),MN,silent,,,,,,,,
payment.method,Electronic payment method offered,fee_profiles:payment_mode (operational; not law-driven except VA),MO,silent,,,,,,,,
payment.method,Electronic payment method offered,fee_profiles:payment_mode (operational; not law-driven except VA),NC,silent,,,,,,,,
payment.method,Electronic payment method offered,fee_profiles:payment_mode (operational; not law-driven except VA),NE,silent,,,,,,,,
payment.method,Electronic payment method offered,fee_profiles:payment_mode (operational; not law-driven except VA),NJ,silent,,,,,,,,
payment.method,Electronic payment method offered,fee_profiles:payment_mode (operational; not law-driven except VA),NV,silent,,,,,,,,
payment.method,Electronic payment method offered,fee_profiles:payment_mode (operational; not law-driven except VA),NY,silent,,,,,,,,
payment.method,Electronic payment method offered,fee_profiles:payment_mode (operational; not law-driven except VA),OH,silent,,,,,,,,
payment.method,Electronic payment method offered,fee_profiles:payment_mode (operational; not law-driven except VA),OK,silent,,,,,,,,
payment.method,Electronic payment method offered,fee_profiles:payment_mode (operational; not law-driven except VA),OR,silent,,,,,,,,
payment.method,Electronic payment method offered,fee_profiles:payment_mode (operational; not law-driven except VA),PA,silent,,,,,,,,
payment.method,Electronic payment method offered,fee_profiles:payment_mode (operational; not law-driven except VA),SC,silent,,,,,,,,
payment.method,Electronic payment method offered,fee_profiles:payment_mode (operational; not law-driven except VA),TN,silent,,,,,,,,
payment.method,Electronic payment method offered,fee_profiles:payment_mode (operational; not law-driven except VA),TX,silent,,,,,,,,
payment.method,Electronic payment method offered,fee_profiles:payment_mode (operational; not law-driven except VA),UT,silent,,,,,,,,
payment.method,Electronic payment method offered,fee_profiles:payment_mode (operational; not law-driven except VA),VA,defers_to_city,,Permission,,,VA-0030,Va. Code § 2.2-3704(F),https://law.lis.virginia.gov/vacode/title2.2/chapter37/section2.2-3704/,"Any local public body that charges for producing records may provide an electronic method of payment (noncash, non-paper-check — credit/debit cards, direct deposit/debit, electronic checks, telephonic payment)."
payment.method,Electronic payment method offered,fee_profiles:payment_mode (operational; not law-driven except VA),WA,silent,,,,,,,,
payment.method,Electronic payment method offered,fee_profiles:payment_mode (operational; not law-driven except VA),WI,silent,,,,,,,,
rules.maxFee,Request-level ceiling (actual cost cap / statutory max),fee_profiles:requestRules.maxFee,AL,actual_cost_or_reasonable,soft-standard,Permission,Statute,,AL-0039,"Ala. Code § 36-12-44(a)(2), § 36-12-41 (SB270, 2024 Reg. Sess.)",https://alison.legislature.state.al.us/files/pdf/SearchableInstruments/2024RS/SB270-enr.pdf,"A public officer may require the requester to pay a reasonable fee set by the public officer before the requester may receive any public records (standard request); more generally, a certified copy is furnished on paymen"
rules.maxFee,Request-level ceiling (actual cost cap / statutory max),fee_profiles:requestRules.maxFee,AZ,silent,,,,,,,,
rules.maxFee,Request-level ceiling (actual cost cap / statutory max),fee_profiles:requestRules.maxFee,CA,actual_cost_or_reasonable,ceiling,Permission,,,CA-0021,Cal. Gov. Code § 7922.530(a) (Statute),https://leginfo.legislature.ca.gov/faces/codes_displaySection.xhtml?sectionNum=7922.530&lawCode=GOV,"Fees for copies of records are limited to fees covering the direct costs of duplication, or a statutory fee if one applies."
rules.maxFee,Request-level ceiling (actual cost cap / statutory max),fee_profiles:requestRules.maxFee,CO,silent,,,,,,,,
rules.maxFee,Request-level ceiling (actual cost cap / statutory max),fee_profiles:requestRules.maxFee,CT,silent,,,,,,,,
rules.maxFee,Request-level ceiling (actual cost cap / statutory max),fee_profiles:requestRules.maxFee,FL,actual_cost_or_reasonable,,Definition,,,FL-0023,"§ 119.011(1), Fla. Stat.",https://www.flsenate.gov/Laws/Statutes/2024/119.011,"'Actual cost of duplication' means the cost of the material and supplies used to duplicate the record, and does not include labor cost or overhead cost associated with such duplication."
rules.maxFee,Request-level ceiling (actual cost cap / statutory max),fee_profiles:requestRules.maxFee,GA,rule_without_value,,Classification/Requirement,,,GA-0020 GA-0021,O.C.G.A. § 50-18-71(c)(1),https://georgialibraries.org/librarylaws/Georgia%20Open%20Records%20Act%20(O.C.G.A.%20%C2%A7%C2%A7%2050-18-70%20through%2050-18-74).pdf,"An agency shall utilize the most economical means reasonably calculated to identify and produce responsive, nonexcluded documents."
rules.maxFee,Request-level ceiling (actual cost cap / statutory max),fee_profiles:requestRules.maxFee,ID,actual_cost_or_reasonable,ceiling,Calculation,,,ID-0019 ID-0022,Idaho Code § 74-102(10) | Idaho Code § 74-102(10)(c),https://legislature.idaho.gov/statutesrules/idstat/Title74/T74CH1/SECT74-102/,The fee charged to a resident may not exceed the actual cost to the agency of copying the record.
rules.maxFee,Request-level ceiling (actual cost cap / statutory max),fee_profiles:requestRules.maxFee,IL,silent,,,,,,,,
rules.maxFee,Request-level ceiling (actual cost cap / statutory max),fee_profiles:requestRules.maxFee,IN,defers_to_city,,Requirement,,,IN-0019,Ind. Code § 5-14-3-8(d),https://iga.in.gov/laws/2025/ic/titles/5#5-14-3-8,"For a local public agency, the fiscal body of the political subdivision establishes the copying fee schedule by ordinance, and the fee must be uniform."
rules.maxFee,Request-level ceiling (actual cost cap / statutory max),fee_profiles:requestRules.maxFee,KS,actual_cost_or_reasonable,ceiling,Calculation/Permission/Requirement,Statute,,KS-0034 KS-0037 KS-0040 KS-0033,K.S.A. 45-219(b) | K.S.A. 45-219(c) | K.S.A. 45-219(c)(1) | K.S.A. 45-219(c)(3),https://ksrevisor.gov/statutes/chapters/ch45/045_002_0019.html,"Fees for copies shall not exceed the actual cost of furnishing the requested records, including the cost of staff time required to make the information available."
rules.maxFee,Request-level ceiling (actual cost cap / statutory max),fee_profiles:requestRules.maxFee,LA,delegated_to_regulation_or_schedule,fixed,Requirement,Statute,,LA-0022 LA-0026,La. R.S. 44:32(C)(1)(a) | La. R.S. 44:32(C)(2)(a),https://www.legis.la.gov/Legis/Law.aspx?d=99691,A custodian who elects to collect copying fees shall establish a reasonable fee schedule and post it where it can be readily accessed by the public.
rules.maxFee,Request-level ceiling (actual cost cap / statutory max),fee_profiles:requestRules.maxFee,MA,actual_cost_or_reasonable,ceiling,Permission,Statute,,MA-0029,"M.G.L. c. 66, § 10(d)",https://malegislature.gov/Laws/GeneralLaws/PartI/TitleX/Chapter66/Section10,"A records access officer may assess a reasonable fee for production (except freely-inspectable records), and the fee shall not exceed the actual cost of reproducing the record."
rules.maxFee,Request-level ceiling (actual cost cap / statutory max),fee_profiles:requestRules.maxFee,MI,rule_without_value,ceiling,Calculation/Requirement,,,MI-0033 MI-0049,Mich. Comp. Laws § 15.234(1) | Mich. Comp. Laws § 15.234(4),https://www.legislature.mi.gov/Laws/MCL?objectName=MCL-15-234,"A permitted fee is limited to actual mailing costs and the actual incremental cost of duplication or publication, including labor and the cost of search, examination, review, and separation/deletion of exempt material, a"
rules.maxFee,Request-level ceiling (actual cost cap / statutory max),fee_profiles:requestRules.maxFee,MN,silent,,,,,,,,
rules.maxFee,Request-level ceiling (actual cost cap / statutory max),fee_profiles:requestRules.maxFee,MO,rule_without_value,soft-standard,Requirement,,,MO-0021,"§ 610.026.1(1), RSMo",https://revisor.mo.gov/main/OneSection.aspx?section=610.026,Documents must be copied/duplicated using the personnel of the body that results in the lowest amount of charges for the request.
rules.maxFee,Request-level ceiling (actual cost cap / statutory max),fee_profiles:requestRules.maxFee,NC,actual_cost_or_reasonable,ceiling,Requirement,Statute,,NC-0019,N.C. Gen. Stat. § 132-6.2(b),https://www.ncleg.gov/EnactedLegislation/Statutes/HTML/BySection/Chapter_132/GS_132-6.2.html,An agency may not charge a fee for an uncertified copy of a public record that exceeds the actual cost to the agency of making the copy.
rules.maxFee,Request-level ceiling (actual cost cap / statutory max),fee_profiles:requestRules.maxFee,NE,rule_without_value,ceiling,Calculation,Statute,,NE-0019,Neb. Rev. Stat. § 84-712(1),https://nebraskalegislature.gov/laws/statutes.php?statute=84-712,"A custodian may charge a fee for providing copies, but the fee shall not exceed the actual added cost of making the copies available."
rules.maxFee,Request-level ceiling (actual cost cap / statutory max),fee_profiles:requestRules.maxFee,NJ,silent,,,,,,,,
rules.maxFee,Request-level ceiling (actual cost cap / statutory max),fee_profiles:requestRules.maxFee,NV,actual_cost_or_reasonable,,Definition,,,NV-0021,Nev. Rev. Stat. § 239.005(1),https://www.leg.state.nv.us/nrs/nrs-239.html,"'Actual cost' means direct cost of providing the copy (ink, toner, paper, media, postage) and excludes any cost the entity incurs regardless of whether a copy is requested."
rules.maxFee,Request-level ceiling (actual cost cap / statutory max),fee_profiles:requestRules.maxFee,NY,actual_cost_or_reasonable,ceiling,Calculation,Statute,,NY-0025 NY-0030,N.Y. Pub. Off. Law § 87(1)(b)(iii)(1) | N.Y. Pub. Off. Law § 87(1)(c)(iii),https://www.nysenate.gov/legislation/laws/PBO/87,"For records other than 9x14 paper photocopies, the fee shall not exceed the actual cost of reproduction determined under § 87(1)(c)."
rules.maxFee,Request-level ceiling (actual cost cap / statutory max),fee_profiles:requestRules.maxFee,OH,silent,,,,,,,,
rules.maxFee,Request-level ceiling (actual cost cap / statutory max),fee_profiles:requestRules.maxFee,OK,actual_cost_or_reasonable,ceiling,Calculation/Permission/Requirement,,,OK-0016 OK-0021 OK-0024,"Okla. Stat. tit. 51, § 24A.5(4)",https://www.oscn.net/applications/oscn/deliverdocument.asp?citeid=80292,"A public body may charge a fee only to recover the reasonable, direct costs of record copying or mechanical reproduction."
rules.maxFee,Request-level ceiling (actual cost cap / statutory max),fee_profiles:requestRules.maxFee,OR,actual_cost_or_reasonable,soft-standard,Permission,,,OR-0020,Or. Rev. Stat. § 192.324(4)(a),https://www.oregonlegislature.gov/bills_laws/ors/ors192.html,"A public body may establish fees reasonably calculated to reimburse it for its actual cost of making public records available, including costs for summarizing, compiling or tailoring the records in organization or media "
rules.maxFee,Request-level ceiling (actual cost cap / statutory max),fee_profiles:requestRules.maxFee,PA,rule_without_value,ceiling,Calculation,Statute,,PA-0039,65 P.S. § 67.1307(b),https://www.legis.state.pa.us/WU01/LI/LI/US/HTM/2008/0/0003..HTM,Duplication fees for Commonwealth and local agencies (absent an agency-specific fee schedule) are established by the Office of Open Records and must be reasonable and based on prevailing fees for comparable duplication s
rules.maxFee,Request-level ceiling (actual cost cap / statutory max),fee_profiles:requestRules.maxFee,SC,rule_without_value,soft-standard,Requirement,,,SC-0014 SC-0010 SC-0017,S.C. Code Ann. § 30-4-30(B),https://www.scstatehouse.gov/code/t30c004.php,Records must be furnished at the lowest possible cost to the person requesting them.
rules.maxFee,Request-level ceiling (actual cost cap / statutory max),fee_profiles:requestRules.maxFee,TN,value_present,soft-standard,Calculation/Permission/Requirement,Official Guidance/Statute,$0.15 | $0.50 | 15 cents | 50 cents,TN-0019 TN-0031 TN-0050,OORC Schedule of Reasonable Charges § II.C | OORC Schedule of Reasonable Charges § III.A | Tenn. Code Ann. § 10-7-503(a)(7)(B),https://www.comptroller.tn.gov/content/dam/cot/orc/documents/oorc/policies-and-guidelines/ScheduleofReasonableCharges.pdf https://www.mtas.tennessee.edu/reference/tennessee-public-records-statutes,"When assessing fees for copies, records custodians shall utilize the most economical and efficient method of producing the requested records."
rules.maxFee,Request-level ceiling (actual cost cap / statutory max),fee_profiles:requestRules.maxFee,TX,value_present+delegation,ceiling,Calculation,Statute,25%,TX-0027,"Tex. Gov't Code § 552.262(a), (c)",https://statutes.capitol.texas.gov/Docs/GV/htm/GV.552.htm#552.262,Charges for copies/inspection may not exceed the amounts established by attorney general rule; a non-state governmental body setting its own charges may not exceed the AG-established amounts by more than 25% absent an ex
rules.maxFee,Request-level ceiling (actual cost cap / statutory max),fee_profiles:requestRules.maxFee,UT,defers_to_city,ceiling,Calculation/Permission/Requirement,Statute,,UT-0028 UT-0029 UT-0030,Utah Code § 63G-2-203(1) | Utah Code § 63G-2-203(2)(a) | Utah Code § 63G-2-203(3)(c),https://le.utah.gov/xcode/Title63G/Chapter2/63G-2-S203.html,An entity may charge a reasonable fee to cover its actual cost of providing a record; the fee must be approved by the entity's executive officer.
rules.maxFee,Request-level ceiling (actual cost cap / statutory max),fee_profiles:requestRules.maxFee,VA,actual_cost_or_reasonable,ceiling,Permission/Requirement,,,VA-0021 VA-0022 VA-0024,Va. Code § 2.2-3704(F),https://law.lis.virginia.gov/vacode/title2.2/chapter37/section2.2-3704/,"A public body may make reasonable charges not to exceed its actual cost incurred in accessing, duplicating, supplying, or searching for the requested records."
rules.maxFee,Request-level ceiling (actual cost cap / statutory max),fee_profiles:requestRules.maxFee,WA,defers_to_city,ceiling,Calculation/Permission/Prohibition,,,WA-0020 WA-0027 WA-0028 WA-0025,RCW 42.56.070(7)(b) | RCW 42.56.070(7); RCW 42.56.120(2)(a) | RCW 42.56.120(1) | RCW 42.56.120(2)(d),https://app.leg.wa.gov/RCW/default.aspx?cite=42.56.070 https://app.leg.wa.gov/RCW/default.aspx?cite=42.56.120,"A reasonable charge may be imposed for copies and for use of agency copying equipment, not exceeding the amount necessary to reimburse the agency for its actual costs directly incident to copying."
rules.maxFee,Request-level ceiling (actual cost cap / statutory max),fee_profiles:requestRules.maxFee,WI,value_present,ceiling,Permission,Statute,$50,WI-0037 WI-0040,Wis. Stat. § 19.35(3)(c) | Wis. Stat. § 19.35(3)(g),https://docs.legis.wisconsin.gov/statutes/statutes/19/ii/35,"An authority may impose a fee for locating a record, not exceeding the actual, necessary and direct cost of location, but only if that cost is $50 or more."
rules.deMinimis,De-minimis: no charge below ($),fee_profiles:requestRules.deMinimis (+ de-minimis knob),AL,silent,,,,,,,,
rules.deMinimis,De-minimis: no charge below ($),fee_profiles:requestRules.deMinimis (+ de-minimis knob),AZ,rule_without_value,,Prohibition/Requirement,,,AZ-0020 AZ-0021,Ariz. Rev. Stat. § 39-122 | Ariz. Rev. Stat. § 39-127(A)-(C),https://www.azleg.gov/ars/39/00122.htm https://www.azleg.gov/ars/39/00127.htm,"State, county, and municipal officers shall furnish, without charge, searches for and certified copies of public records needed in support of a claim or benefit application against the United States."
rules.deMinimis,De-minimis: no charge below ($),fee_profiles:requestRules.deMinimis (+ de-minimis knob),CA,rule_without_value,,Prohibition,,,CA-0024,"National Lawyers Guild, S.F. Bay Area Chapter v. City of Hayward (2020) 9 Cal.5th 488 (Appellate/Supreme Court Decision)",https://www.courts.ca.gov/opinions/documents/S252445.PDF,"For ordinary production of electronic records, an agency may not charge for the ancillary staff time of searching for and redacting/reviewing records; such time is chargeable only within the narrow data-extraction cost-s"
rules.deMinimis,De-minimis: no charge below ($),fee_profiles:requestRules.deMinimis (+ de-minimis knob),CO,rule_without_value,fixed,Prohibition,Statute,,CO-0021,C.R.S. § 24-72-205(1)(b),https://leg.colorado.gov/colorado-revised-statutes,No transmission fee may be charged to the requester for transmitting public records via electronic mail.
rules.deMinimis,De-minimis: no charge below ($),fee_profiles:requestRules.deMinimis (+ de-minimis knob),CT,defers_to_city,,Requirement,,,CT-0024,Conn. Gen. Stat. § 1-212(d),https://www.cga.ct.gov/current/pub/chap_014.htm,A public agency shall waive any copy fee when any enumerated ground applies: requester is indigent; records are exempt under 1-210(b); compliance benefits the general welfare in the agency's judgment; requester is an ele
rules.deMinimis,De-minimis: no charge below ($),fee_profiles:requestRules.deMinimis (+ de-minimis knob),FL,silent,,,,,,,,
rules.deMinimis,De-minimis: no charge below ($),fee_profiles:requestRules.deMinimis (+ de-minimis knob),GA,silent,,,,,,,,
rules.deMinimis,De-minimis: no charge below ($),fee_profiles:requestRules.deMinimis (+ de-minimis knob),ID,rule_without_value,fixed,Calculation/Discretion,,,ID-0023 ID-0018,Idaho Code § 74-102 | Idaho Code § 74-102(10)(a),https://legislature.idaho.gov/statutesrules/idstat/Title74/T74CH1/SECT74-102/,"The agency shall not charge a resident any cost or fee for copies or labor when the examination is likely to contribute significantly to public understanding, is not primarily in the individual interest of the requester,"
rules.deMinimis,De-minimis: no charge below ($),fee_profiles:requestRules.deMinimis (+ de-minimis knob),IL,rule_without_value,,Discretion/Prohibition,,,IL-0033 IL-0032,5 ILCS 140/6(a) | 5 ILCS 140/6(c),https://www.ilga.gov/documents/legislation/ilcs/documents/000501400K6.htm,"Documents must be furnished without charge or at reduced charge, as determined by the public body, if the requester states a specific purpose and the waiver is in the public interest (principally to disseminate informati"
rules.deMinimis,De-minimis: no charge below ($),fee_profiles:requestRules.deMinimis (+ de-minimis knob),IN,silent,,,,,,,,
rules.deMinimis,De-minimis: no charge below ($),fee_profiles:requestRules.deMinimis (+ de-minimis knob),KS,silent,,,,,,,,
rules.deMinimis,De-minimis: no charge below ($),fee_profiles:requestRules.deMinimis (+ de-minimis knob),LA,rule_without_value,soft-standard,Permission/Prohibition,Statute,,LA-0025 LA-0014,La. R.S. 44:32(C)(1)(a) | La. R.S. 44:32(C)(3),https://www.legis.la.gov/Legis/Law.aspx?d=99691,Copies of records may be furnished without charge or at a reduced charge to indigent citizens of the state.
rules.deMinimis,De-minimis: no charge below ($),fee_profiles:requestRules.deMinimis (+ de-minimis knob),MA,actual_cost_or_reasonable,,Discretion/Prohibition,Statute,,MA-0038 MA-0036,"M.G.L. c. 66, § 10(d)(ii)(C), (iii)(C) | M.G.L. c. 66, § 10(d)(v)",https://malegislature.gov/Laws/GeneralLaws/PartI/TitleX/Chapter66/Section10,The RAO may waive or reduce a fee upon a showing that disclosure is in the public interest (likely to contribute significantly to public understanding of government and not primarily in the requestor's commercial interes
rules.deMinimis,De-minimis: no charge below ($),fee_profiles:requestRules.deMinimis (+ de-minimis knob),MI,value_present,fixed,Discretion/Exception/Prohibition/Requirement,,$20 | $20.00,MI-0043 MI-0044 MI-0052 MI-0032 MI-0046 MI-0050,"Mich. Comp. Laws § 15.234(1)(b) | Mich. Comp. Laws § 15.234(10) | Mich. Comp. Laws § 15.234(2) | Mich. Comp. Laws § 15.234(2)(a),(b)",https://www.legislature.mi.gov/Laws/MCL?objectName=MCL-15-234,A record search and copies must be furnished without charge for the first $20 of the fee for each request by a qualifying indigent individual (with affidavit) or by a state-designated developmental-disabilities/mental-il
rules.deMinimis,De-minimis: no charge below ($),fee_profiles:requestRules.deMinimis (+ de-minimis knob),MN,silent,,,,,,,,
rules.deMinimis,De-minimis: no charge below ($),fee_profiles:requestRules.deMinimis (+ de-minimis knob),MO,rule_without_value,,Discretion,,,MO-0024,"§ 610.026.1(1), RSMo",https://revisor.mo.gov/main/OneSection.aspx?section=610.026,A public body may waive or reduce the fees when it determines that waiver or reduction of the fee is in the public interest.
rules.deMinimis,De-minimis: no charge below ($),fee_profiles:requestRules.deMinimis (+ de-minimis knob),NC,silent,,,,,,,,
rules.deMinimis,De-minimis: no charge below ($),fee_profiles:requestRules.deMinimis (+ de-minimis knob),NE,rule_without_value,,Discretion,Statute,,NE-0022,Neb. Rev. Stat. § 84-712(1),https://nebraskalegislature.gov/laws/statutes.php?statute=84-712,The custodian may waive or reduce any fee if the waiver or reduction would be in the public interest.
rules.deMinimis,De-minimis: no charge below ($),fee_profiles:requestRules.deMinimis (+ de-minimis knob),NJ,silent,,,,,,,,
rules.deMinimis,De-minimis: no charge below ($),fee_profiles:requestRules.deMinimis (+ de-minimis knob),NV,delegated_to_regulation_or_schedule,,Exception/Permission/Prohibition,,,NV-0023 NV-0027 NV-0022,Nev. Rev. Stat. § 239.020 | Nev. Rev. Stat. § 239.052(1) | Nev. Rev. Stat. § 239.052(2),https://www.leg.state.nv.us/nrs/nrs-239.html,A governmental entity may waive all or part of a copy fee if it adopts a written waiver policy and posts a legible sign or notice of the policy's terms at each office providing copies.
rules.deMinimis,De-minimis: no charge below ($),fee_profiles:requestRules.deMinimis (+ de-minimis knob),NY,actual_cost_or_reasonable,fixed,Exception/Prohibition,Statute,,NY-0026 NY-0029,N.Y. Pub. Off. Law § 87(1)(b)(iii)(2) | N.Y. Pub. Off. Law § 87(1)(c)(iv),https://www.nysenate.gov/legislation/laws/PBO/87,"Where an identical record was prepared for a prior request within the past six months and an electronic copy is available, the agency shall charge no fee except the actual cost of a storage device/media if provided."
rules.deMinimis,De-minimis: no charge below ($),fee_profiles:requestRules.deMinimis (+ de-minimis knob),OH,silent,,,,,,,,
rules.deMinimis,De-minimis: no charge below ($),fee_profiles:requestRules.deMinimis (+ de-minimis knob),OK,rule_without_value,,Prohibition,,,OK-0022 OK-0023,"Okla. Stat. tit. 51, § 24A.5(4)",https://www.oscn.net/applications/oscn/deliverdocument.asp?citeid=80292,"No search fee may be charged when release of the records is in the public interest, including release to news media, scholars, authors, and taxpayers seeking to determine whether officials are performing their duties."
rules.deMinimis,De-minimis: no charge below ($),fee_profiles:requestRules.deMinimis (+ de-minimis knob),OR,rule_without_value,,Discretion,,,OR-0023,Or. Rev. Stat. § 192.324(5),https://www.oregonlegislature.gov/bills_laws/ors/ors192.html,The custodian may furnish copies without charge or at a substantially reduced fee if it determines the waiver or reduction is in the public interest because making the record available primarily benefits the general publ
rules.deMinimis,De-minimis: no charge below ($),fee_profiles:requestRules.deMinimis (+ de-minimis knob),PA,rule_without_value,fixed,Permission/Prohibition,Statute,,PA-0043 PA-0042,65 P.S. § 67.1307(f) | 65 P.S. § 67.1307(g),https://www.legis.state.pa.us/WU01/LI/LI/US/HTM/2008/0/0003..HTM,"An agency may waive duplication fees, including when the requester duplicates the record or when the agency deems it in the public interest to do so."
rules.deMinimis,De-minimis: no charge below ($),fee_profiles:requestRules.deMinimis (+ de-minimis knob),SC,rule_without_value,fixed,Discretion/Exception/Prohibition,,,SC-0013 SC-0015 SC-0016 SC-0011,S.C. Code Ann. § 30-4-30(B),https://www.scstatehouse.gov/code/t30c004.php,Fees may not be charged for examination and review to determine if documents are subject to disclosure.
rules.deMinimis,De-minimis: no charge below ($),fee_profiles:requestRules.deMinimis (+ de-minimis knob),TN,rule_without_value,,Discretion,Official Guidance,,TN-0036,OORC Schedule of Reasonable Charges § I.D,https://www.comptroller.tn.gov/content/dam/cot/orc/documents/oorc/policies-and-guidelines/ScheduleofReasonableCharges.pdf,"A records custodian may reduce or waive charges, in whole or in part, in accordance with the governmental entity's public records policy."
rules.deMinimis,De-minimis: no charge below ($),fee_profiles:requestRules.deMinimis (+ de-minimis knob),TX,rule_without_value,,Permission/Requirement,Statute,,TX-0032 TX-0033,Tex. Gov't Code § 552.267(a) | Tex. Gov't Code § 552.267(b),https://statutes.capitol.texas.gov/Docs/GV/htm/GV.552.htm#552.267,The body must provide a copy without charge or at a reduced charge if it determines waiver/reduction is in the public interest because providing the copy primarily benefits the general public.
rules.deMinimis,De-minimis: no charge below ($),fee_profiles:requestRules.deMinimis (+ de-minimis knob),UT,rule_without_value,fixed,Discretion/Prohibition,Statute,,UT-0032 UT-0034,Utah Code § 63G-2-203(4) | Utah Code § 63G-2-203(5)(b)(i),https://le.utah.gov/xcode/Title63G/Chapter2/63G-2-S203.html,"An entity may (and is encouraged to) fulfill a request without charge if release primarily benefits the public, the requester is the subject of/specified in the record, or the requester's legal rights are directly implic"
rules.deMinimis,De-minimis: no charge below ($),fee_profiles:requestRules.deMinimis (+ de-minimis knob),VA,actual_cost_or_reasonable,,Exception/Prohibition,,,VA-0033 VA-0023,Va. Code § 2.2-3704(F),https://law.lis.virginia.gov/vacode/title2.2/chapter37/section2.2-3704/,The reasonable-charge fee provisions do not apply to scholastic records that must be made available under FERPA when requested by a parent or legal guardian of a minor student or by a student who is 18 or older.
rules.deMinimis,De-minimis: no charge below ($),fee_profiles:requestRules.deMinimis (+ de-minimis knob),WA,rule_without_value,fixed,Prohibition,,,WA-0026,RCW 42.56.120(2)(e),https://app.leg.wa.gov/RCW/default.aspx?cite=42.56.120,An agency may not impose copying charges for access to or downloading of records it routinely posts on its public internet website.
rules.deMinimis,De-minimis: no charge below ($),fee_profiles:requestRules.deMinimis (+ de-minimis knob),WI,rule_without_value,fixed,Discretion/Prohibition,Appellate Decision/Statute,,WI-0039 WI-0033,"Milwaukee Journal Sentinel v. City of Milwaukee, 2012 WI 65, 341 Wis. 2d 607 | Wis. Stat. § 19.35(3)(e)",https://docs.legis.wisconsin.gov/statutes/statutes/19/ii/35,An authority may provide copies without charge or at a reduced charge where it determines that waiver or reduction of the fee is in the public interest.
rules.minFee,Minimum fee,fee_profiles:requestRules.minFee,AL,silent,,,,,,,,
rules.minFee,Minimum fee,fee_profiles:requestRules.minFee,AZ,silent,,,,,,,,
rules.minFee,Minimum fee,fee_profiles:requestRules.minFee,CA,silent,,,,,,,,
rules.minFee,Minimum fee,fee_profiles:requestRules.minFee,CO,silent,,,,,,,,
rules.minFee,Minimum fee,fee_profiles:requestRules.minFee,CT,silent,,,,,,,,
rules.minFee,Minimum fee,fee_profiles:requestRules.minFee,FL,silent,,,,,,,,
rules.minFee,Minimum fee,fee_profiles:requestRules.minFee,GA,silent,,,,,,,,
rules.minFee,Minimum fee,fee_profiles:requestRules.minFee,ID,silent,,,,,,,,
rules.minFee,Minimum fee,fee_profiles:requestRules.minFee,IL,silent,,,,,,,,
rules.minFee,Minimum fee,fee_profiles:requestRules.minFee,IN,silent,,,,,,,,
rules.minFee,Minimum fee,fee_profiles:requestRules.minFee,KS,silent,,,,,,,,
rules.minFee,Minimum fee,fee_profiles:requestRules.minFee,LA,silent,,,,,,,,
rules.minFee,Minimum fee,fee_profiles:requestRules.minFee,MA,silent,,,,,,,,
rules.minFee,Minimum fee,fee_profiles:requestRules.minFee,MI,silent,,,,,,,,
rules.minFee,Minimum fee,fee_profiles:requestRules.minFee,MN,silent,,,,,,,,
rules.minFee,Minimum fee,fee_profiles:requestRules.minFee,MO,silent,,,,,,,,
rules.minFee,Minimum fee,fee_profiles:requestRules.minFee,NC,silent,,,,,,,,
rules.minFee,Minimum fee,fee_profiles:requestRules.minFee,NE,silent,,,,,,,,
rules.minFee,Minimum fee,fee_profiles:requestRules.minFee,NJ,silent,,,,,,,,
rules.minFee,Minimum fee,fee_profiles:requestRules.minFee,NV,silent,,,,,,,,
rules.minFee,Minimum fee,fee_profiles:requestRules.minFee,NY,silent,,,,,,,,
rules.minFee,Minimum fee,fee_profiles:requestRules.minFee,OH,silent,,,,,,,,
rules.minFee,Minimum fee,fee_profiles:requestRules.minFee,OK,silent,,,,,,,,
rules.minFee,Minimum fee,fee_profiles:requestRules.minFee,OR,silent,,,,,,,,
rules.minFee,Minimum fee,fee_profiles:requestRules.minFee,PA,silent,,,,,,,,
rules.minFee,Minimum fee,fee_profiles:requestRules.minFee,SC,silent,,,,,,,,
rules.minFee,Minimum fee,fee_profiles:requestRules.minFee,TN,silent,,,,,,,,
rules.minFee,Minimum fee,fee_profiles:requestRules.minFee,TX,silent,,,,,,,,
rules.minFee,Minimum fee,fee_profiles:requestRules.minFee,UT,silent,,,,,,,,
rules.minFee,Minimum fee,fee_profiles:requestRules.minFee,VA,silent,,,,,,,,
rules.minFee,Minimum fee,fee_profiles:requestRules.minFee,WA,silent,,,,,,,,
rules.minFee,Minimum fee,fee_profiles:requestRules.minFee,WI,silent,,,,,,,,
media,Electronic media (CD/DVD/USB) charge,"fee_profiles:media.{cd,dvd,usb}",AL,silent,,,,,,,,
media,Electronic media (CD/DVD/USB) charge,"fee_profiles:media.{cd,dvd,usb}",AZ,silent,,,,,,,,
media,Electronic media (CD/DVD/USB) charge,"fee_profiles:media.{cd,dvd,usb}",CA,actual_cost_or_reasonable,ceiling,Exception/Permission,,,CA-0022 CA-0023,Cal. Gov. Code § 7922.575(a) (Statute) | Cal. Gov. Code § 7922.575(b) (Statute),https://leginfo.legislature.ca.gov/faces/codes_displaySection.xhtml?sectionNum=7922.575&lawCode=GOV,The cost of duplicating an electronic record is limited to the direct cost of producing a copy of the record in an electronic format.
media,Electronic media (CD/DVD/USB) charge,"fee_profiles:media.{cd,dvd,usb}",CO,silent,,,,,,,,
media,Electronic media (CD/DVD/USB) charge,"fee_profiles:media.{cd,dvd,usb}",CT,actual_cost_or_reasonable,ceiling,Calculation,,,CT-0018,Conn. Gen. Stat. § 1-212(b),https://www.cga.ct.gov/current/pub/chap_014.htm,"The fee for a copy of computer-stored public records shall not exceed the agency's cost, and (for non-preexisting printouts) may include only enumerated components: employee hourly salary for producing/formatting/program"
media,Electronic media (CD/DVD/USB) charge,"fee_profiles:media.{cd,dvd,usb}",FL,silent,,,,,,,,
media,Electronic media (CD/DVD/USB) charge,"fee_profiles:media.{cd,dvd,usb}",GA,actual_cost_or_reasonable,fixed,Requirement,,,GA-0019,O.C.G.A. § 50-18-71(c)(2),https://georgialibraries.org/librarylaws/Georgia%20Open%20Records%20Act%20(O.C.G.A.%20%C2%A7%C2%A7%2050-18-70%20through%2050-18-74).pdf,"For electronic records, the agency may charge the actual cost of the media on which the records or data are produced."
media,Electronic media (CD/DVD/USB) charge,"fee_profiles:media.{cd,dvd,usb}",ID,actual_cost_or_reasonable,ceiling,Calculation,,,ID-0021,Idaho Code § 74-102(10)(d)(i),https://legislature.idaho.gov/statutesrules/idstat/Title74/T74CH1/SECT74-102/,"For computer records, the agency may charge a fee that does not exceed the sum of the direct cost of copying, the standard cost of publication, and the cost of conversion."
media,Electronic media (CD/DVD/USB) charge,"fee_profiles:media.{cd,dvd,usb}",IL,actual_cost_or_reasonable,ceiling,Calculation,,,IL-0031,5 ILCS 140/6(a),https://www.ilga.gov/documents/legislation/ilcs/documents/000501400K6.htm,"For records provided in electronic format, a public body may charge the requester only the actual cost of purchasing the recording medium."
media,Electronic media (CD/DVD/USB) charge,"fee_profiles:media.{cd,dvd,usb}",IN,actual_cost_or_reasonable,ceiling,Calculation/Permission,,,IN-0012 IN-0017,Ind. Code § 5-14-3-6(c) | Ind. Code § 5-14-3-8(g),https://iga.in.gov/laws/2025/ic/titles/5#5-14-3-6 https://iga.in.gov/laws/2025/ic/titles/5#5-14-3-8,An agency may charge the requester the agency's direct cost of reprogramming a computer system where reprogramming is required to separate disclosable from nondisclosable information stored electronically.
media,Electronic media (CD/DVD/USB) charge,"fee_profiles:media.{cd,dvd,usb}",KS,rule_without_value,ceiling,Calculation,Statute,,KS-0036,K.S.A. 45-219(c)(2),https://ksrevisor.gov/statutes/chapters/ch45/045_002_0019.html,"Fees for providing access to records maintained on computer facilities shall include only the cost of any computer services, including staff time required."
media,Electronic media (CD/DVD/USB) charge,"fee_profiles:media.{cd,dvd,usb}",LA,silent,,,,,,,,
media,Electronic media (CD/DVD/USB) charge,"fee_profiles:media.{cd,dvd,usb}",MA,actual_cost_or_reasonable,ceiling,Permission,Statute,,MA-0031,"M.G.L. c. 66, § 10(d)(i)",https://malegislature.gov/Laws/GeneralLaws/PartI/TitleX/Chapter66/Section10,The actual cost of any storage device or material provided in response to a request may be included as part of the fee.
media,Electronic media (CD/DVD/USB) charge,"fee_profiles:media.{cd,dvd,usb}",MI,rule_without_value,ceiling,Calculation,,,MI-0037,Mich. Comp. Laws § 15.234(1)(c),https://www.legislature.mi.gov/Laws/MCL?objectName=MCL-15-234,"For records provided on nonpaper physical media, the charge is limited to the actual and most reasonably economical cost of that media."
media,Electronic media (CD/DVD/USB) charge,"fee_profiles:media.{cd,dvd,usb}",MN,silent,,,,,,,,
media,Electronic media (CD/DVD/USB) charge,"fee_profiles:media.{cd,dvd,usb}",MO,rule_without_value,ceiling,Calculation,,,MO-0023,"§ 610.026.1(2), RSMo",https://revisor.mo.gov/main/OneSection.aspx?section=610.026,"Fees for records maintained on computer facilities, tapes, disks, videotapes or films shall include only the cost of copies, staff time (not exceeding the average hourly rate of pay for staff needed for copies and progra"
media,Electronic media (CD/DVD/USB) charge,"fee_profiles:media.{cd,dvd,usb}",NC,rule_without_value,fixed,Permission,Statute,,NC-0017,N.C. Gen. Stat. § 132-6.2(a),https://www.ncleg.gov/EnactedLegislation/Statutes/HTML/BySection/Chapter_132/GS_132-6.2.html,"An agency may assess different fees for different media, as prescribed by law."
media,Electronic media (CD/DVD/USB) charge,"fee_profiles:media.{cd,dvd,usb}",NE,actual_cost_or_reasonable,soft-standard,Permission,Statute,,NE-0023,Neb. Rev. Stat. § 84-712.01(2),https://nebraskalegislature.gov/laws/statutes.php?statute=84-712.01,"When a county custodian provides a copy by transmitting it modem-to-modem, a reasonable fee may be charged for the specialized service, which may include a reasonable amortization of added computer equipment/software cos"
media,Electronic media (CD/DVD/USB) charge,"fee_profiles:media.{cd,dvd,usb}",NJ,silent,,,,,,,,
media,Electronic media (CD/DVD/USB) charge,"fee_profiles:media.{cd,dvd,usb}",NV,actual_cost_or_reasonable,soft-standard,Permission,,,NV-0026,Nev. Rev. Stat. § 239.054(1),https://www.leg.state.nv.us/nrs/nrs-239.html,"A fee for information from a geographic information system may include, in addition to actual medium cost, the reasonable costs of data gathering/entry, database maintenance, hardware, software, quality control, and cons"
media,Electronic media (CD/DVD/USB) charge,"fee_profiles:media.{cd,dvd,usb}",NY,silent,,,,,,,,
media,Electronic media (CD/DVD/USB) charge,"fee_profiles:media.{cd,dvd,usb}",OH,silent,,,,,,,,
media,Electronic media (CD/DVD/USB) charge,"fee_profiles:media.{cd,dvd,usb}",OK,silent,,,,,,,,
media,Electronic media (CD/DVD/USB) charge,"fee_profiles:media.{cd,dvd,usb}",OR,silent,,,,,,,,
media,Electronic media (CD/DVD/USB) charge,"fee_profiles:media.{cd,dvd,usb}",PA,rule_without_value,ceiling,Calculation,Statute,,PA-0044,65 P.S. § 67.1307(d),https://www.legis.state.pa.us/WU01/LI/LI/US/HTM/2008/0/0003..HTM,"If a record is maintained only electronically or in nonpaper media, duplication fees are limited to the lesser of the paper-duplication fee or the original-media fee under § 1307(b), unless the requester specifically req"
media,Electronic media (CD/DVD/USB) charge,"fee_profiles:media.{cd,dvd,usb}",SC,rule_without_value,soft-standard,Permission,,,SC-0012,S.C. Code Ann. § 30-4-30(B),https://www.scstatehouse.gov/code/t30c004.php,"If records are not in electronic format and the public body agrees to produce them electronically, it may charge for the staff time required to transfer the documents to electronic format."
media,Electronic media (CD/DVD/USB) charge,"fee_profiles:media.{cd,dvd,usb}",TN,actual_cost_or_reasonable,fixed,Calculation,Official Guidance,,TN-0037,"OORC Schedule of Reasonable Charges §§ III.B, III.E, III.F",https://www.comptroller.tn.gov/content/dam/cot/orc/documents/oorc/policies-and-guidelines/ScheduleofReasonableCharges.pdf,"A custodian may charge actual out-of-pocket cost for flash drives/storage devices provided; if internal production is not practicable, may use an outside vendor and charge those actual costs; and may recover actual retri"
media,Electronic media (CD/DVD/USB) charge,"fee_profiles:media.{cd,dvd,usb}",TX,silent,,,,,,,,
media,Electronic media (CD/DVD/USB) charge,"fee_profiles:media.{cd,dvd,usb}",UT,silent,,,,,,,,
media,Electronic media (CD/DVD/USB) charge,"fee_profiles:media.{cd,dvd,usb}",VA,actual_cost_or_reasonable,ceiling,Permission,,,VA-0034,Va. Code § 2.2-3704(F),https://law.lis.virginia.gov/vacode/title2.2/chapter37/section2.2-3704/,"A body may make a reasonable charge, not exceeding actual cost, for records produced from a geographic information system at the request of anyone other than the owner of the subject land, except that it may charge on a "
media,Electronic media (CD/DVD/USB) charge,"fee_profiles:media.{cd,dvd,usb}",WA,value_present,ceiling,Calculation,,Five cents | Ten cents | five cents | ten cents,WA-0023 WA-0024,RCW 42.56.120(2)(b)(iii) | RCW 42.56.120(2)(b)(iv),https://app.leg.wa.gov/RCW/default.aspx?cite=42.56.120,"Absent a published actual-cost calculation, the agency may charge up to five cents per each four electronic files or attachments uploaded for electronic delivery."
media,Electronic media (CD/DVD/USB) charge,"fee_profiles:media.{cd,dvd,usb}",WI,silent,,,,,,,,
delivery,Delivery: mail / handling / email / pickup,fee_profiles:delivery.*,AL,silent,,,,,,,,
delivery,Delivery: mail / handling / email / pickup,fee_profiles:delivery.*,AZ,silent,,,,,,,,
delivery,Delivery: mail / handling / email / pickup,fee_profiles:delivery.*,CA,actual_cost_or_reasonable,ceiling,Exception/Permission,,,CA-0022 CA-0023,Cal. Gov. Code § 7922.575(a) (Statute) | Cal. Gov. Code § 7922.575(b) (Statute),https://leginfo.legislature.ca.gov/faces/codes_displaySection.xhtml?sectionNum=7922.575&lawCode=GOV,The cost of duplicating an electronic record is limited to the direct cost of producing a copy of the record in an electronic format.
delivery,Delivery: mail / handling / email / pickup,fee_profiles:delivery.*,CO,silent,,,,,,,,
delivery,Delivery: mail / handling / email / pickup,fee_profiles:delivery.*,CT,actual_cost_or_reasonable,ceiling,Calculation,,,CT-0018,Conn. Gen. Stat. § 1-212(b),https://www.cga.ct.gov/current/pub/chap_014.htm,"The fee for a copy of computer-stored public records shall not exceed the agency's cost, and (for non-preexisting printouts) may include only enumerated components: employee hourly salary for producing/formatting/program"
delivery,Delivery: mail / handling / email / pickup,fee_profiles:delivery.*,FL,silent,,,,,,,,
delivery,Delivery: mail / handling / email / pickup,fee_profiles:delivery.*,GA,actual_cost_or_reasonable,fixed,Requirement,,,GA-0019,O.C.G.A. § 50-18-71(c)(2),https://georgialibraries.org/librarylaws/Georgia%20Open%20Records%20Act%20(O.C.G.A.%20%C2%A7%C2%A7%2050-18-70%20through%2050-18-74).pdf,"For electronic records, the agency may charge the actual cost of the media on which the records or data are produced."
delivery,Delivery: mail / handling / email / pickup,fee_profiles:delivery.*,ID,actual_cost_or_reasonable,ceiling,Calculation,,,ID-0021,Idaho Code § 74-102(10)(d)(i),https://legislature.idaho.gov/statutesrules/idstat/Title74/T74CH1/SECT74-102/,"For computer records, the agency may charge a fee that does not exceed the sum of the direct cost of copying, the standard cost of publication, and the cost of conversion."
delivery,Delivery: mail / handling / email / pickup,fee_profiles:delivery.*,IL,actual_cost_or_reasonable,ceiling,Calculation,,,IL-0031,5 ILCS 140/6(a),https://www.ilga.gov/documents/legislation/ilcs/documents/000501400K6.htm,"For records provided in electronic format, a public body may charge the requester only the actual cost of purchasing the recording medium."
delivery,Delivery: mail / handling / email / pickup,fee_profiles:delivery.*,IN,actual_cost_or_reasonable,ceiling,Calculation/Permission,,,IN-0012 IN-0017,Ind. Code § 5-14-3-6(c) | Ind. Code § 5-14-3-8(g),https://iga.in.gov/laws/2025/ic/titles/5#5-14-3-6 https://iga.in.gov/laws/2025/ic/titles/5#5-14-3-8,An agency may charge the requester the agency's direct cost of reprogramming a computer system where reprogramming is required to separate disclosable from nondisclosable information stored electronically.
delivery,Delivery: mail / handling / email / pickup,fee_profiles:delivery.*,KS,rule_without_value,ceiling,Calculation,Statute,,KS-0036,K.S.A. 45-219(c)(2),https://ksrevisor.gov/statutes/chapters/ch45/045_002_0019.html,"Fees for providing access to records maintained on computer facilities shall include only the cost of any computer services, including staff time required."
delivery,Delivery: mail / handling / email / pickup,fee_profiles:delivery.*,LA,silent,,,,,,,,
delivery,Delivery: mail / handling / email / pickup,fee_profiles:delivery.*,MA,actual_cost_or_reasonable,ceiling,Permission,Statute,,MA-0031,"M.G.L. c. 66, § 10(d)(i)",https://malegislature.gov/Laws/GeneralLaws/PartI/TitleX/Chapter66/Section10,The actual cost of any storage device or material provided in response to a request may be included as part of the fee.
delivery,Delivery: mail / handling / email / pickup,fee_profiles:delivery.*,MI,actual_cost_or_reasonable,ceiling,Calculation,,,MI-0040 MI-0037,Mich. Comp. Laws § 15.234(1)(c) | Mich. Comp. Laws § 15.234(1)(f),https://www.legislature.mi.gov/Laws/MCL?objectName=MCL-15-234,Mailing may be charged at actual cost in a reasonably economical manner; no charge for expedited shipping or insurance unless stipulated by the requester.
delivery,Delivery: mail / handling / email / pickup,fee_profiles:delivery.*,MN,silent,,,,,,,,
delivery,Delivery: mail / handling / email / pickup,fee_profiles:delivery.*,MO,rule_without_value,ceiling,Calculation,,,MO-0023,"§ 610.026.1(2), RSMo",https://revisor.mo.gov/main/OneSection.aspx?section=610.026,"Fees for records maintained on computer facilities, tapes, disks, videotapes or films shall include only the cost of copies, staff time (not exceeding the average hourly rate of pay for staff needed for copies and progra"
delivery,Delivery: mail / handling / email / pickup,fee_profiles:delivery.*,NC,rule_without_value,fixed,Permission,Statute,,NC-0017,N.C. Gen. Stat. § 132-6.2(a),https://www.ncleg.gov/EnactedLegislation/Statutes/HTML/BySection/Chapter_132/GS_132-6.2.html,"An agency may assess different fees for different media, as prescribed by law."
delivery,Delivery: mail / handling / email / pickup,fee_profiles:delivery.*,NE,actual_cost_or_reasonable,soft-standard,Permission,Statute,,NE-0023,Neb. Rev. Stat. § 84-712.01(2),https://nebraskalegislature.gov/laws/statutes.php?statute=84-712.01,"When a county custodian provides a copy by transmitting it modem-to-modem, a reasonable fee may be charged for the specialized service, which may include a reasonable amortization of added computer equipment/software cos"
delivery,Delivery: mail / handling / email / pickup,fee_profiles:delivery.*,NJ,silent,,,,,,,,
delivery,Delivery: mail / handling / email / pickup,fee_profiles:delivery.*,NV,actual_cost_or_reasonable,soft-standard,Permission,,,NV-0026,Nev. Rev. Stat. § 239.054(1),https://www.leg.state.nv.us/nrs/nrs-239.html,"A fee for information from a geographic information system may include, in addition to actual medium cost, the reasonable costs of data gathering/entry, database maintenance, hardware, software, quality control, and cons"
delivery,Delivery: mail / handling / email / pickup,fee_profiles:delivery.*,NY,silent,,,,,,,,
delivery,Delivery: mail / handling / email / pickup,fee_profiles:delivery.*,OH,silent,,,,,,,,
delivery,Delivery: mail / handling / email / pickup,fee_profiles:delivery.*,OK,silent,,,,,,,,
delivery,Delivery: mail / handling / email / pickup,fee_profiles:delivery.*,OR,silent,,,,,,,,
delivery,Delivery: mail / handling / email / pickup,fee_profiles:delivery.*,PA,actual_cost_or_reasonable,ceiling,Calculation,Statute,,PA-0038 PA-0044,65 P.S. § 67.1307(a) | 65 P.S. § 67.1307(d),https://www.legis.state.pa.us/WU01/LI/LI/US/HTM/2008/0/0003..HTM,Fees for postage may not exceed the actual cost of mailing.
delivery,Delivery: mail / handling / email / pickup,fee_profiles:delivery.*,SC,rule_without_value,soft-standard,Permission,,,SC-0012,S.C. Code Ann. § 30-4-30(B),https://www.scstatehouse.gov/code/t30c004.php,"If records are not in electronic format and the public body agrees to produce them electronically, it may charge for the staff time required to transfer the documents to electronic format."
delivery,Delivery: mail / handling / email / pickup,fee_profiles:delivery.*,TN,actual_cost_or_reasonable,fixed,Calculation,Official Guidance,,TN-0037,"OORC Schedule of Reasonable Charges §§ III.B, III.E, III.F",https://www.comptroller.tn.gov/content/dam/cot/orc/documents/oorc/policies-and-guidelines/ScheduleofReasonableCharges.pdf,"A custodian may charge actual out-of-pocket cost for flash drives/storage devices provided; if internal production is not practicable, may use an outside vendor and charge those actual costs; and may recover actual retri"
delivery,Delivery: mail / handling / email / pickup,fee_profiles:delivery.*,TX,silent,,,,,,,,
delivery,Delivery: mail / handling / email / pickup,fee_profiles:delivery.*,UT,silent,,,,,,,,
delivery,Delivery: mail / handling / email / pickup,fee_profiles:delivery.*,VA,actual_cost_or_reasonable,ceiling,Permission,,,VA-0034,Va. Code § 2.2-3704(F),https://law.lis.virginia.gov/vacode/title2.2/chapter37/section2.2-3704/,"A body may make a reasonable charge, not exceeding actual cost, for records produced from a geographic information system at the request of anyone other than the owner of the subject land, except that it may charge on a "
delivery,Delivery: mail / handling / email / pickup,fee_profiles:delivery.*,WA,value_present,ceiling,Calculation,,Five cents | Ten cents | five cents | ten cents,WA-0023 WA-0024,RCW 42.56.120(2)(b)(iii) | RCW 42.56.120(2)(b)(iv),https://app.leg.wa.gov/RCW/default.aspx?cite=42.56.120,"Absent a published actual-cost calculation, the agency may charge up to five cents per each four electronic files or attachments uploaded for electronic delivery."
delivery,Delivery: mail / handling / email / pickup,fee_profiles:delivery.*,WI,actual_cost_or_reasonable,ceiling,Permission,Statute,,WI-0038,Wis. Stat. § 19.35(3)(d),https://docs.legis.wisconsin.gov/statutes/statutes/19/ii/35,"An authority may impose a fee for the actual, necessary and direct cost of mailing or shipping any copy or photograph of a record that is mailed or shipped to the requester."
certification,Certification / certified-copy charge,"fee_profiles:certification.{rate,unit}",AL,silent,,,,,,,,
certification,Certification / certified-copy charge,"fee_profiles:certification.{rate,unit}",AZ,silent,,,,,,,,
certification,Certification / certified-copy charge,"fee_profiles:certification.{rate,unit}",CA,silent,,,,,,,,
certification,Certification / certified-copy charge,"fee_profiles:certification.{rate,unit}",CO,silent,,,,,,,,
certification,Certification / certified-copy charge,"fee_profiles:certification.{rate,unit}",CT,value_present,fixed,Calculation,,one dollar,CT-0020,Conn. Gen. Stat. § 1-212(e),https://www.cga.ct.gov/current/pub/chap_014.htm,"For certifying a copy of records/files (or certifying a fact appearing therein), the fee is one dollar for the first page and fifty cents for each additional page."
certification,Certification / certified-copy charge,"fee_profiles:certification.{rate,unit}",FL,value_present,ceiling,Calculation,,$1,FL-0024,"§ 119.07(4)(c), Fla. Stat.",https://www.flsenate.gov/Laws/Statutes/2024/119.07,An agency may charge up to $1 per copy for a certified copy of a public record.
certification,Certification / certified-copy charge,"fee_profiles:certification.{rate,unit}",GA,silent,,,,,,,,
certification,Certification / certified-copy charge,"fee_profiles:certification.{rate,unit}",ID,silent,,,,,,,,
certification,Certification / certified-copy charge,"fee_profiles:certification.{rate,unit}",IL,value_present,ceiling,Calculation,,$1,IL-0030,5 ILCS 140/6(b),https://www.ilga.gov/documents/legislation/ilcs/documents/000501400K6.htm,The cost for certifying a record may not exceed $1.
certification,Certification / certified-copy charge,"fee_profiles:certification.{rate,unit}",IN,value_present,ceiling,Calculation,,$5 | five dollars,IN-0016,Ind. Code § 5-14-3-8(b),https://iga.in.gov/laws/2025/ic/titles/5#5-14-3-8,The fee for certification of documents may not exceed five dollars ($5) per document.
certification,Certification / certified-copy charge,"fee_profiles:certification.{rate,unit}",KS,silent,,,,,,,,
certification,Certification / certified-copy charge,"fee_profiles:certification.{rate,unit}",LA,silent,,,,,,,,
certification,Certification / certified-copy charge,"fee_profiles:certification.{rate,unit}",MA,silent,,,,,,,,
certification,Certification / certified-copy charge,"fee_profiles:certification.{rate,unit}",MI,silent,,,,,,,,
certification,Certification / certified-copy charge,"fee_profiles:certification.{rate,unit}",MN,silent,,,,,,,,
certification,Certification / certified-copy charge,"fee_profiles:certification.{rate,unit}",MO,silent,,,,,,,,
certification,Certification / certified-copy charge,"fee_profiles:certification.{rate,unit}",NC,rule_without_value,fixed,Permission,Statute,,NC-0018,N.C. Gen. Stat. § 132-6.2(b),https://www.ncleg.gov/EnactedLegislation/Statutes/HTML/BySection/Chapter_132/GS_132-6.2.html,A requester may request certified or uncertified copies; fees for certifying copies are as provided by law.
certification,Certification / certified-copy charge,"fee_profiles:certification.{rate,unit}",NE,silent,,,,,,,,
certification,Certification / certified-copy charge,"fee_profiles:certification.{rate,unit}",NJ,silent,,,,,,,,
certification,Certification / certified-copy charge,"fee_profiles:certification.{rate,unit}",NV,silent,,,,,,,,
certification,Certification / certified-copy charge,"fee_profiles:certification.{rate,unit}",NY,silent,,,,,,,,
certification,Certification / certified-copy charge,"fee_profiles:certification.{rate,unit}",OH,silent,,,,,,,,
certification,Certification / certified-copy charge,"fee_profiles:certification.{rate,unit}",OK,value_present,ceiling,Calculation,,$1.00 | One Dollar,OK-0018,"Okla. Stat. tit. 51, § 24A.5(4)",https://www.oscn.net/applications/oscn/deliverdocument.asp?citeid=80292,The fee for a certified copy may not exceed One Dollar ($1.00) per copied page.
certification,Certification / certified-copy charge,"fee_profiles:certification.{rate,unit}",OR,silent,,,,,,,,
certification,Certification / certified-copy charge,"fee_profiles:certification.{rate,unit}",PA,actual_cost_or_reasonable,soft-standard,Calculation,Statute,,PA-0041,65 P.S. § 67.1307(c),https://www.legis.state.pa.us/WU01/LI/LI/US/HTM/2008/0/0003..HTM,An agency may impose reasonable fees for official certification of copies where the certification is at the requester's behest and for the purpose of legally verifying the public record.
certification,Certification / certified-copy charge,"fee_profiles:certification.{rate,unit}",SC,silent,,,,,,,,
certification,Certification / certified-copy charge,"fee_profiles:certification.{rate,unit}",TN,silent,,,,,,,,
certification,Certification / certified-copy charge,"fee_profiles:certification.{rate,unit}",TX,silent,,,,,,,,
certification,Certification / certified-copy charge,"fee_profiles:certification.{rate,unit}",UT,silent,,,,,,,,
certification,Certification / certified-copy charge,"fee_profiles:certification.{rate,unit}",VA,silent,,,,,,,,
certification,Certification / certified-copy charge,"fee_profiles:certification.{rate,unit}",WA,silent,,,,,,,,
certification,Certification / certified-copy charge,"fee_profiles:certification.{rate,unit}",WI,silent,,,,,,,,
av,"Audio/video: per recording, per minute, free minutes","fee_profiles:av.{perRecording,perMinute,freeMinutes}",AL,silent,,,,,,,,
av,"Audio/video: per recording, per minute, free minutes","fee_profiles:av.{perRecording,perMinute,freeMinutes}",AZ,silent,,,,,,,,
av,"Audio/video: per recording, per minute, free minutes","fee_profiles:av.{perRecording,perMinute,freeMinutes}",CA,silent,,,,,,,,
av,"Audio/video: per recording, per minute, free minutes","fee_profiles:av.{perRecording,perMinute,freeMinutes}",CO,actual_cost_or_reasonable,ceiling,Permission,Statute,,CO-0017,C.R.S. § 24-72-205(5)(a),https://leg.colorado.gov/colorado-revised-statutes,"For a copy, printout, or photograph in a format other than a standard page, the custodian may charge a fee not to exceed the actual cost of providing it."
av,"Audio/video: per recording, per minute, free minutes","fee_profiles:av.{perRecording,perMinute,freeMinutes}",CT,rule_without_value,ceiling,Calculation,,,CT-0017,Conn. Gen. Stat. § 1-212(a),https://www.cga.ct.gov/current/pub/chap_014.htm,"Where a copy requires a transcription, or a person requests a transcription of a public record, the transcription fee shall not exceed the agency's cost."
av,"Audio/video: per recording, per minute, free minutes","fee_profiles:av.{perRecording,perMinute,freeMinutes}",FL,actual_cost_or_reasonable,soft-standard,Calculation,,,FL-0025 FL-0022 FL-0026 FL-0027,"§ 119.07(4)(a)3., Fla. Stat. | § 119.07(4)(d), Fla. Stat. | § 119.07(4)(e)1., Fla. Stat. | § 119.07(4)(e)2., Fla. Stat.",https://www.flsenate.gov/Laws/Statutes/2024/119.07,"If the nature or volume of records requires extensive use of IT resources or extensive clerical/supervisory assistance, the agency may charge, in addition to actual duplication cost, a reasonable special service charge b"
av,"Audio/video: per recording, per minute, free minutes","fee_profiles:av.{perRecording,perMinute,freeMinutes}",GA,silent,,,,,,,,
av,"Audio/video: per recording, per minute, free minutes","fee_profiles:av.{perRecording,perMinute,freeMinutes}",ID,silent,,,,,,,,
av,"Audio/video: per recording, per minute, free minutes","fee_profiles:av.{perRecording,perMinute,freeMinutes}",IL,value_present,ceiling,Calculation,,$100 | $20 | $40,IL-0038 IL-0029,5 ILCS 140/6(a-5) | 5 ILCS 140/6(b),https://www.ilga.gov/documents/legislation/ilcs/documents/000501400K6.htm,"For a voluminous request for electronic records, a public body may charge tiered caps by data size: for non-PDF data up to $20 (<=2 MB), $40 (2-4 MB), or $100 (>4 MB); for PDF data up to $20 (<=80 MB), $40 (80-160 MB), o"
av,"Audio/video: per recording, per minute, free minutes","fee_profiles:av.{perRecording,perMinute,freeMinutes}",IN,actual_cost_or_reasonable,soft-standard,Permission,,,IN-0018,Ind. Code § 5-14-3-8(h),https://iga.in.gov/laws/2025/ic/titles/5#5-14-3-8,An agency may charge any reasonable fee agreed on in an enhanced-access contract under section 3.5 for providing enhanced access to public records.
av,"Audio/video: per recording, per minute, free minutes","fee_profiles:av.{perRecording,perMinute,freeMinutes}",KS,silent,,,,,,,,
av,"Audio/video: per recording, per minute, free minutes","fee_profiles:av.{perRecording,perMinute,freeMinutes}",LA,silent,,,,,,,,
av,"Audio/video: per recording, per minute, free minutes","fee_profiles:av.{perRecording,perMinute,freeMinutes}",MA,silent,,,,,,,,
av,"Audio/video: per recording, per minute, free minutes","fee_profiles:av.{perRecording,perMinute,freeMinutes}",MI,silent,,,,,,,,
av,"Audio/video: per recording, per minute, free minutes","fee_profiles:av.{perRecording,perMinute,freeMinutes}",MN,silent,,,,,,,,
av,"Audio/video: per recording, per minute, free minutes","fee_profiles:av.{perRecording,perMinute,freeMinutes}",MO,silent,,,,,,,,
av,"Audio/video: per recording, per minute, free minutes","fee_profiles:av.{perRecording,perMinute,freeMinutes}",NC,delegated_to_regulation_or_schedule,soft-standard,Permission,Statute,,NC-0021 NC-0029,N.C. Gen. Stat. § 132-6.2(b) | N.C. Gen. Stat. § 132-6.2(e),https://www.ncleg.gov/EnactedLegislation/Statutes/HTML/BySection/Chapter_132/GS_132-6.2.html,"Where a request requires extensive use of information technology resources or extensive clerical/supervisory assistance, the agency may charge a reasonable special service charge (based on actual cost) in addition to dup"
av,"Audio/video: per recording, per minute, free minutes","fee_profiles:av.{perRecording,perMinute,freeMinutes}",NE,silent,,,,,,,,
av,"Audio/video: per recording, per minute, free minutes","fee_profiles:av.{perRecording,perMinute,freeMinutes}",NJ,silent,,,,,,,,
av,"Audio/video: per recording, per minute, free minutes","fee_profiles:av.{perRecording,perMinute,freeMinutes}",NV,value_present,ceiling,Calculation,,50 cents,NV-0024 NV-0025,Nev. Rev. Stat. § 239.052(4) | Nev. Rev. Stat. § 239.053(1),https://www.leg.state.nv.us/nrs/nrs-239.html,The fee for a copy of a record in the custody of a governmental law library must not exceed 50 cents per page.
av,"Audio/video: per recording, per minute, free minutes","fee_profiles:av.{perRecording,perMinute,freeMinutes}",NY,silent,,,,,,,,
av,"Audio/video: per recording, per minute, free minutes","fee_profiles:av.{perRecording,perMinute,freeMinutes}",OH,value_present,ceiling,Calculation,Statute,$75 | $750 | five dollars,OH-0019,Ohio Rev. Code § 149.43(B)(1),https://codes.ohio.gov/ohio-revised-code/section-149.43,"A law enforcement agency or prosecuting attorney's office may charge the actual cost of preparing a video record, not to exceed $75 per hour of video produced and not to exceed $750 total."
av,"Audio/video: per recording, per minute, free minutes","fee_profiles:av.{perRecording,perMinute,freeMinutes}",OK,silent,,,,,,,,
av,"Audio/video: per recording, per minute, free minutes","fee_profiles:av.{perRecording,perMinute,freeMinutes}",OR,silent,,,,,,,,
av,"Audio/video: per recording, per minute, free minutes","fee_profiles:av.{perRecording,perMinute,freeMinutes}",PA,defers_to_city,soft-standard,Permission,Statute,,PA-0045,65 P.S. § 67.1307(e),https://www.legis.state.pa.us/WU01/LI/LI/US/HTM/2008/0/0003..HTM,"If an agency offers enhanced electronic access to records in addition to the inspection-and-duplication access required by the act, it may establish user fees specifically for the provision of that enhanced electronic ac"
av,"Audio/video: per recording, per minute, free minutes","fee_profiles:av.{perRecording,perMinute,freeMinutes}",SC,silent,,,,,,,,
av,"Audio/video: per recording, per minute, free minutes","fee_profiles:av.{perRecording,perMinute,freeMinutes}",TN,value_present,ceiling,Calculation,Official Guidance,$0.50 | 50 cents,TN-0030,OORC Schedule of Reasonable Charges § II.A,https://www.comptroller.tn.gov/content/dam/cot/orc/documents/oorc/policies-and-guidelines/ScheduleofReasonableCharges.pdf,"For each standard 8.5x11 or 8.5x14 color copy produced, a records custodian may assess a per-page charge of up to 50 cents ($0.50)."
av,"Audio/video: per recording, per minute, free minutes","fee_profiles:av.{perRecording,perMinute,freeMinutes}",TX,silent,,,,,,,,
av,"Audio/video: per recording, per minute, free minutes","fee_profiles:av.{perRecording,perMinute,freeMinutes}",UT,silent,,,,,,,,
av,"Audio/video: per recording, per minute, free minutes","fee_profiles:av.{perRecording,perMinute,freeMinutes}",VA,silent,,,,,,,,
av,"Audio/video: per recording, per minute, free minutes","fee_profiles:av.{perRecording,perMinute,freeMinutes}",WA,rule_without_value,,Permission,,,WA-0029,RCW 42.56.120(3),https://app.leg.wa.gov/RCW/default.aspx?cite=42.56.120,An agency may impose a customized service charge for a request that requires information-technology expertise to prepare data compilations or provide customized electronic access not used by the agency for other purposes
av,"Audio/video: per recording, per minute, free minutes","fee_profiles:av.{perRecording,perMinute,freeMinutes}",WI,actual_cost_or_reasonable,ceiling,Permission,Statute,,WI-0036,Wis. Stat. § 19.35(3)(b),https://docs.legis.wisconsin.gov/statutes/statutes/19/ii/35,"Where an authority provides a photograph of a record whose form does not permit copying, it may impose a fee not exceeding the actual, necessary and direct cost of photographing and photographic processing."
commercial,"Commercial-purpose schedule (surcharge %, labor becomes chargeable)",fee_profiles:purposeOverrides.commercial,AL,silent,,,,,,,,
commercial,"Commercial-purpose schedule (surcharge %, labor becomes chargeable)",fee_profiles:purposeOverrides.commercial,AZ,actual_cost_or_reasonable,soft-standard,Calculation,,,AZ-0019,Ariz. Rev. Stat. § 39-121.03(A),https://www.azleg.gov/ars/39/00121-03.htm,"For a commercial-purpose request the charge may include (1) a portion of the cost to the public body for obtaining the original or copies, (2) a reasonable fee for time, materials, equipment and personnel in producing th"
commercial,"Commercial-purpose schedule (surcharge %, labor becomes chargeable)",fee_profiles:purposeOverrides.commercial,CA,silent,,,,,,,,
commercial,"Commercial-purpose schedule (surcharge %, labor becomes chargeable)",fee_profiles:purposeOverrides.commercial,CO,silent,,,,,,,,
commercial,"Commercial-purpose schedule (surcharge %, labor becomes chargeable)",fee_profiles:purposeOverrides.commercial,CT,silent,,,,,,,,
commercial,"Commercial-purpose schedule (surcharge %, labor becomes chargeable)",fee_profiles:purposeOverrides.commercial,FL,silent,,,,,,,,
commercial,"Commercial-purpose schedule (surcharge %, labor becomes chargeable)",fee_profiles:purposeOverrides.commercial,GA,silent,,,,,,,,
commercial,"Commercial-purpose schedule (surcharge %, labor becomes chargeable)",fee_profiles:purposeOverrides.commercial,ID,silent,,,,,,,,
commercial,"Commercial-purpose schedule (surcharge %, labor becomes chargeable)",fee_profiles:purposeOverrides.commercial,IL,value_present,ceiling,Calculation/Requirement,,$10,IL-0035 IL-0037,5 ILCS 140/6(f),https://www.ilga.gov/documents/legislation/ilcs/documents/000501400K6.htm,"For a commercial request, a public body may charge up to $10 for each hour spent by personnel searching for, retrieving, or examining the record for necessary redactions."
commercial,"Commercial-purpose schedule (surcharge %, labor becomes chargeable)",fee_profiles:purposeOverrides.commercial,IN,silent,,,,,,,,
commercial,"Commercial-purpose schedule (surcharge %, labor becomes chargeable)",fee_profiles:purposeOverrides.commercial,KS,silent,,,,,,,,
commercial,"Commercial-purpose schedule (surcharge %, labor becomes chargeable)",fee_profiles:purposeOverrides.commercial,LA,silent,,,,,,,,
commercial,"Commercial-purpose schedule (surcharge %, labor becomes chargeable)",fee_profiles:purposeOverrides.commercial,MA,silent,,,,,,,,
commercial,"Commercial-purpose schedule (surcharge %, labor becomes chargeable)",fee_profiles:purposeOverrides.commercial,MI,silent,,,,,,,,
commercial,"Commercial-purpose schedule (surcharge %, labor becomes chargeable)",fee_profiles:purposeOverrides.commercial,MN,silent,,,,,,,,
commercial,"Commercial-purpose schedule (surcharge %, labor becomes chargeable)",fee_profiles:purposeOverrides.commercial,MO,silent,,,,,,,,
commercial,"Commercial-purpose schedule (surcharge %, labor becomes chargeable)",fee_profiles:purposeOverrides.commercial,NC,silent,,,,,,,,
commercial,"Commercial-purpose schedule (surcharge %, labor becomes chargeable)",fee_profiles:purposeOverrides.commercial,NE,silent,,,,,,,,
commercial,"Commercial-purpose schedule (surcharge %, labor becomes chargeable)",fee_profiles:purposeOverrides.commercial,NJ,silent,,,,,,,,
commercial,"Commercial-purpose schedule (surcharge %, labor becomes chargeable)",fee_profiles:purposeOverrides.commercial,NV,silent,,,,,,,,
commercial,"Commercial-purpose schedule (surcharge %, labor becomes chargeable)",fee_profiles:purposeOverrides.commercial,NY,silent,,,,,,,,
commercial,"Commercial-purpose schedule (surcharge %, labor becomes chargeable)",fee_profiles:purposeOverrides.commercial,OH,silent,,,,,,,,
commercial,"Commercial-purpose schedule (surcharge %, labor becomes chargeable)",fee_profiles:purposeOverrides.commercial,OK,silent,,,,,,,,
commercial,"Commercial-purpose schedule (surcharge %, labor becomes chargeable)",fee_profiles:purposeOverrides.commercial,OR,silent,,,,,,,,
commercial,"Commercial-purpose schedule (surcharge %, labor becomes chargeable)",fee_profiles:purposeOverrides.commercial,PA,silent,,,,,,,,
commercial,"Commercial-purpose schedule (surcharge %, labor becomes chargeable)",fee_profiles:purposeOverrides.commercial,SC,silent,,,,,,,,
commercial,"Commercial-purpose schedule (surcharge %, labor becomes chargeable)",fee_profiles:purposeOverrides.commercial,TN,rule_without_value,fixed,Exception,Official Guidance,,TN-0049,"OORC Schedule of Reasonable Charges § I.F, citing Tenn. Code Ann. § 10-7-506(c)",https://www.comptroller.tn.gov/content/dam/cot/orc/documents/oorc/policies-and-guidelines/ScheduleofReasonableCharges.pdf,"Although standard copy/labor charges do not vary by purpose, other statutory provisions (e.g., § 10-7-506(c)) enumerate fees that may be assessed when specific documents are requested for a specific use."
commercial,"Commercial-purpose schedule (surcharge %, labor becomes chargeable)",fee_profiles:purposeOverrides.commercial,TX,silent,,,,,,,,
commercial,"Commercial-purpose schedule (surcharge %, labor becomes chargeable)",fee_profiles:purposeOverrides.commercial,UT,silent,,,,,,,,
commercial,"Commercial-purpose schedule (surcharge %, labor becomes chargeable)",fee_profiles:purposeOverrides.commercial,VA,silent,,,,,,,,
commercial,"Commercial-purpose schedule (surcharge %, labor becomes chargeable)",fee_profiles:purposeOverrides.commercial,WA,rule_without_value,,Prohibition,,,WA-0030,RCW 42.56.070(8),https://app.leg.wa.gov/RCW/default.aspx?cite=42.56.070,"The chapter does not authorize giving, selling, or providing access to lists of individuals requested for commercial purposes, and agencies shall not do so unless specifically authorized or directed by law."
commercial,"Commercial-purpose schedule (surcharge %, labor becomes chargeable)",fee_profiles:purposeOverrides.commercial,WI,silent,,,,,,,,
waiver,"Fee waiver: grounds, mandatory vs discretionary, purpose statement, written denial, appeal",jurisdiction_rules:fee_waiver.*,AL,silent,,,,,,,,
waiver,"Fee waiver: grounds, mandatory vs discretionary, purpose statement, written denial, appeal",jurisdiction_rules:fee_waiver.*,AZ,rule_without_value,,Prohibition/Requirement,,,AZ-0020 AZ-0021,Ariz. Rev. Stat. § 39-122 | Ariz. Rev. Stat. § 39-127(A)-(C),https://www.azleg.gov/ars/39/00122.htm https://www.azleg.gov/ars/39/00127.htm,"State, county, and municipal officers shall furnish, without charge, searches for and certified copies of public records needed in support of a claim or benefit application against the United States."
waiver,"Fee waiver: grounds, mandatory vs discretionary, purpose statement, written denial, appeal",jurisdiction_rules:fee_waiver.*,CA,silent,,,,,,,,
waiver,"Fee waiver: grounds, mandatory vs discretionary, purpose statement, written denial, appeal",jurisdiction_rules:fee_waiver.*,CO,silent,,,,,,,,
waiver,"Fee waiver: grounds, mandatory vs discretionary, purpose statement, written denial, appeal",jurisdiction_rules:fee_waiver.*,CT,defers_to_city,,Requirement,,,CT-0024,Conn. Gen. Stat. § 1-212(d),https://www.cga.ct.gov/current/pub/chap_014.htm,A public agency shall waive any copy fee when any enumerated ground applies: requester is indigent; records are exempt under 1-210(b); compliance benefits the general welfare in the agency's judgment; requester is an ele
waiver,"Fee waiver: grounds, mandatory vs discretionary, purpose statement, written denial, appeal",jurisdiction_rules:fee_waiver.*,FL,silent,,,,,,,,
waiver,"Fee waiver: grounds, mandatory vs discretionary, purpose statement, written denial, appeal",jurisdiction_rules:fee_waiver.*,GA,silent,,,,,,,,
waiver,"Fee waiver: grounds, mandatory vs discretionary, purpose statement, written denial, appeal",jurisdiction_rules:fee_waiver.*,ID,rule_without_value,,Discretion,,,ID-0023,Idaho Code § 74-102,https://legislature.idaho.gov/statutesrules/idstat/Title74/T74CH1/SECT74-102/,"The agency shall not charge a resident any cost or fee for copies or labor when the examination is likely to contribute significantly to public understanding, is not primarily in the individual interest of the requester,"
waiver,"Fee waiver: grounds, mandatory vs discretionary, purpose statement, written denial, appeal",jurisdiction_rules:fee_waiver.*,IL,rule_without_value,,Discretion,,,IL-0033,5 ILCS 140/6(c),https://www.ilga.gov/documents/legislation/ilcs/documents/000501400K6.htm,"Documents must be furnished without charge or at reduced charge, as determined by the public body, if the requester states a specific purpose and the waiver is in the public interest (principally to disseminate informati"
waiver,"Fee waiver: grounds, mandatory vs discretionary, purpose statement, written denial, appeal",jurisdiction_rules:fee_waiver.*,IN,silent,,,,,,,,
waiver,"Fee waiver: grounds, mandatory vs discretionary, purpose statement, written denial, appeal",jurisdiction_rules:fee_waiver.*,KS,silent,,,,,,,,
waiver,"Fee waiver: grounds, mandatory vs discretionary, purpose statement, written denial, appeal",jurisdiction_rules:fee_waiver.*,LA,rule_without_value,soft-standard,Permission,Statute,,LA-0025,La. R.S. 44:32(C)(1)(a),https://www.legis.la.gov/Legis/Law.aspx?d=99691,Copies of records may be furnished without charge or at a reduced charge to indigent citizens of the state.
waiver,"Fee waiver: grounds, mandatory vs discretionary, purpose statement, written denial, appeal",jurisdiction_rules:fee_waiver.*,MA,actual_cost_or_reasonable,,Discretion,Statute,,MA-0038,"M.G.L. c. 66, § 10(d)(v)",https://malegislature.gov/Laws/GeneralLaws/PartI/TitleX/Chapter66/Section10,The RAO may waive or reduce a fee upon a showing that disclosure is in the public interest (likely to contribute significantly to public understanding of government and not primarily in the requestor's commercial interes
waiver,"Fee waiver: grounds, mandatory vs discretionary, purpose statement, written denial, appeal",jurisdiction_rules:fee_waiver.*,MI,value_present,fixed,Discretion/Exception/Requirement,,$20 | $20.00,MI-0043 MI-0044 MI-0052,"Mich. Comp. Laws § 15.234(10) | Mich. Comp. Laws § 15.234(2) | Mich. Comp. Laws § 15.234(2)(a),(b)",https://www.legislature.mi.gov/Laws/MCL?objectName=MCL-15-234,A record search and copies must be furnished without charge for the first $20 of the fee for each request by a qualifying indigent individual (with affidavit) or by a state-designated developmental-disabilities/mental-il
waiver,"Fee waiver: grounds, mandatory vs discretionary, purpose statement, written denial, appeal",jurisdiction_rules:fee_waiver.*,MN,silent,,,,,,,,
waiver,"Fee waiver: grounds, mandatory vs discretionary, purpose statement, written denial, appeal",jurisdiction_rules:fee_waiver.*,MO,rule_without_value,,Discretion,,,MO-0024,"§ 610.026.1(1), RSMo",https://revisor.mo.gov/main/OneSection.aspx?section=610.026,A public body may waive or reduce the fees when it determines that waiver or reduction of the fee is in the public interest.
waiver,"Fee waiver: grounds, mandatory vs discretionary, purpose statement, written denial, appeal",jurisdiction_rules:fee_waiver.*,NC,silent,,,,,,,,
waiver,"Fee waiver: grounds, mandatory vs discretionary, purpose statement, written denial, appeal",jurisdiction_rules:fee_waiver.*,NE,rule_without_value,,Discretion,Statute,,NE-0022,Neb. Rev. Stat. § 84-712(1),https://nebraskalegislature.gov/laws/statutes.php?statute=84-712,The custodian may waive or reduce any fee if the waiver or reduction would be in the public interest.
waiver,"Fee waiver: grounds, mandatory vs discretionary, purpose statement, written denial, appeal",jurisdiction_rules:fee_waiver.*,NJ,silent,,,,,,,,
waiver,"Fee waiver: grounds, mandatory vs discretionary, purpose statement, written denial, appeal",jurisdiction_rules:fee_waiver.*,NV,rule_without_value,,Exception/Permission,,,NV-0023 NV-0027,Nev. Rev. Stat. § 239.020 | Nev. Rev. Stat. § 239.052(2),https://www.leg.state.nv.us/nrs/nrs-239.html,A governmental entity may waive all or part of a copy fee if it adopts a written waiver policy and posts a legible sign or notice of the policy's terms at each office providing copies.
waiver,"Fee waiver: grounds, mandatory vs discretionary, purpose statement, written denial, appeal",jurisdiction_rules:fee_waiver.*,NY,silent,,,,,,,,
waiver,"Fee waiver: grounds, mandatory vs discretionary, purpose statement, written denial, appeal",jurisdiction_rules:fee_waiver.*,OH,silent,,,,,,,,
waiver,"Fee waiver: grounds, mandatory vs discretionary, purpose statement, written denial, appeal",jurisdiction_rules:fee_waiver.*,OK,rule_without_value,,Prohibition,,,OK-0022 OK-0023,"Okla. Stat. tit. 51, § 24A.5(4)",https://www.oscn.net/applications/oscn/deliverdocument.asp?citeid=80292,"No search fee may be charged when release of the records is in the public interest, including release to news media, scholars, authors, and taxpayers seeking to determine whether officials are performing their duties."
waiver,"Fee waiver: grounds, mandatory vs discretionary, purpose statement, written denial, appeal",jurisdiction_rules:fee_waiver.*,OR,rule_without_value,,Discretion,,,OR-0023,Or. Rev. Stat. § 192.324(5),https://www.oregonlegislature.gov/bills_laws/ors/ors192.html,The custodian may furnish copies without charge or at a substantially reduced fee if it determines the waiver or reduction is in the public interest because making the record available primarily benefits the general publ
waiver,"Fee waiver: grounds, mandatory vs discretionary, purpose statement, written denial, appeal",jurisdiction_rules:fee_waiver.*,PA,rule_without_value,,Permission,Statute,,PA-0043,65 P.S. § 67.1307(f),https://www.legis.state.pa.us/WU01/LI/LI/US/HTM/2008/0/0003..HTM,"An agency may waive duplication fees, including when the requester duplicates the record or when the agency deems it in the public interest to do so."
waiver,"Fee waiver: grounds, mandatory vs discretionary, purpose statement, written denial, appeal",jurisdiction_rules:fee_waiver.*,SC,rule_without_value,fixed,Discretion/Exception/Prohibition,,,SC-0013 SC-0015 SC-0016,S.C. Code Ann. § 30-4-30(B),https://www.scstatehouse.gov/code/t30c004.php,Fees may not be charged for examination and review to determine if documents are subject to disclosure.
waiver,"Fee waiver: grounds, mandatory vs discretionary, purpose statement, written denial, appeal",jurisdiction_rules:fee_waiver.*,TN,rule_without_value,,Discretion,Official Guidance,,TN-0036,OORC Schedule of Reasonable Charges § I.D,https://www.comptroller.tn.gov/content/dam/cot/orc/documents/oorc/policies-and-guidelines/ScheduleofReasonableCharges.pdf,"A records custodian may reduce or waive charges, in whole or in part, in accordance with the governmental entity's public records policy."
waiver,"Fee waiver: grounds, mandatory vs discretionary, purpose statement, written denial, appeal",jurisdiction_rules:fee_waiver.*,TX,rule_without_value,,Permission/Requirement,Statute,,TX-0032 TX-0033,Tex. Gov't Code § 552.267(a) | Tex. Gov't Code § 552.267(b),https://statutes.capitol.texas.gov/Docs/GV/htm/GV.552.htm#552.267,The body must provide a copy without charge or at a reduced charge if it determines waiver/reduction is in the public interest because providing the copy primarily benefits the general public.
waiver,"Fee waiver: grounds, mandatory vs discretionary, purpose statement, written denial, appeal",jurisdiction_rules:fee_waiver.*,UT,rule_without_value,,Discretion,Statute,,UT-0032,Utah Code § 63G-2-203(4),https://le.utah.gov/xcode/Title63G/Chapter2/63G-2-S203.html,"An entity may (and is encouraged to) fulfill a request without charge if release primarily benefits the public, the requester is the subject of/specified in the record, or the requester's legal rights are directly implic"
waiver,"Fee waiver: grounds, mandatory vs discretionary, purpose statement, written denial, appeal",jurisdiction_rules:fee_waiver.*,VA,actual_cost_or_reasonable,,Exception,,,VA-0033,Va. Code § 2.2-3704(F),https://law.lis.virginia.gov/vacode/title2.2/chapter37/section2.2-3704/,The reasonable-charge fee provisions do not apply to scholastic records that must be made available under FERPA when requested by a parent or legal guardian of a minor student or by a student who is 18 or older.
waiver,"Fee waiver: grounds, mandatory vs discretionary, purpose statement, written denial, appeal",jurisdiction_rules:fee_waiver.*,WA,silent,,,,,,,,
waiver,"Fee waiver: grounds, mandatory vs discretionary, purpose statement, written denial, appeal",jurisdiction_rules:fee_waiver.*,WI,rule_without_value,,Discretion,Statute,,WI-0039,Wis. Stat. § 19.35(3)(e),https://docs.legis.wisconsin.gov/statutes/statutes/19/ii/35,An authority may provide copies without charge or at a reduced charge where it determines that waiver or reduction of the fee is in the public interest.
waiver.forfeiture,Late response forfeits the fee,jurisdiction_rules:fee_waiver.fee_forfeiture_on_late_response,AL,rule_without_value,,Permission,Statute,,AL-0042,"Ala. Code § 36-12-44(a)(2) (added by SB270, 2024 Reg. Sess.)",https://alison.legislature.state.al.us/files/pdf/SearchableInstruments/2024RS/SB270-enr.pdf,The requester may opt not to pay the fee and thus not receive any substantive response (standard request).
waiver.forfeiture,Late response forfeits the fee,jurisdiction_rules:fee_waiver.fee_forfeiture_on_late_response,AZ,rule_without_value,,Prohibition/Requirement,,,AZ-0020 AZ-0021,Ariz. Rev. Stat. § 39-122 | Ariz. Rev. Stat. § 39-127(A)-(C),https://www.azleg.gov/ars/39/00122.htm https://www.azleg.gov/ars/39/00127.htm,"State, county, and municipal officers shall furnish, without charge, searches for and certified copies of public records needed in support of a claim or benefit application against the United States."
waiver.forfeiture,Late response forfeits the fee,jurisdiction_rules:fee_waiver.fee_forfeiture_on_late_response,CA,silent,,,,,,,,
waiver.forfeiture,Late response forfeits the fee,jurisdiction_rules:fee_waiver.fee_forfeiture_on_late_response,CO,silent,,,,,,,,
waiver.forfeiture,Late response forfeits the fee,jurisdiction_rules:fee_waiver.fee_forfeiture_on_late_response,CT,defers_to_city,,Requirement,,,CT-0024,Conn. Gen. Stat. § 1-212(d),https://www.cga.ct.gov/current/pub/chap_014.htm,A public agency shall waive any copy fee when any enumerated ground applies: requester is indigent; records are exempt under 1-210(b); compliance benefits the general welfare in the agency's judgment; requester is an ele
waiver.forfeiture,Late response forfeits the fee,jurisdiction_rules:fee_waiver.fee_forfeiture_on_late_response,FL,silent,,,,,,,,
waiver.forfeiture,Late response forfeits the fee,jurisdiction_rules:fee_waiver.fee_forfeiture_on_late_response,GA,rule_without_value,,Permission,,,GA-0025,O.C.G.A. § 50-18-71(d),https://georgialibraries.org/librarylaws/Georgia%20Open%20Records%20Act%20(O.C.G.A.%20%C2%A7%C2%A7%2050-18-70%20through%2050-18-74).pdf,"Where a requester has not paid costs lawfully incurred for a prior request, the agency may require prepayment for all future requests from that person until the prior costs are paid or the payment dispute is resolved."
waiver.forfeiture,Late response forfeits the fee,jurisdiction_rules:fee_waiver.fee_forfeiture_on_late_response,ID,rule_without_value,,Discretion,,,ID-0023,Idaho Code § 74-102,https://legislature.idaho.gov/statutesrules/idstat/Title74/T74CH1/SECT74-102/,"The agency shall not charge a resident any cost or fee for copies or labor when the examination is likely to contribute significantly to public understanding, is not primarily in the individual interest of the requester,"
waiver.forfeiture,Late response forfeits the fee,jurisdiction_rules:fee_waiver.fee_forfeiture_on_late_response,IL,rule_without_value,,Discretion,,,IL-0033,5 ILCS 140/6(c),https://www.ilga.gov/documents/legislation/ilcs/documents/000501400K6.htm,"Documents must be furnished without charge or at reduced charge, as determined by the public body, if the requester states a specific purpose and the waiver is in the public interest (principally to disseminate informati"
waiver.forfeiture,Late response forfeits the fee,jurisdiction_rules:fee_waiver.fee_forfeiture_on_late_response,IN,silent,,,,,,,,
waiver.forfeiture,Late response forfeits the fee,jurisdiction_rules:fee_waiver.fee_forfeiture_on_late_response,KS,rule_without_value,,Trigger,Statute,,KS-0042,K.S.A. 45-219(e)(2),https://ksrevisor.gov/statutes/chapters/ch45/045_002_0019.html,"If the agency has made reasonable efforts to contact the requester under subsection (e) and the requester fails to respond by the end of the third business day, the request is deemed withdrawn until the requester makes s"
waiver.forfeiture,Late response forfeits the fee,jurisdiction_rules:fee_waiver.fee_forfeiture_on_late_response,LA,rule_without_value,soft-standard,Permission,Statute,,LA-0025 LA-0024,La. R.S. 44:32(C)(1)(a),https://www.legis.la.gov/Legis/Law.aspx?d=99691,Copies of records may be furnished without charge or at a reduced charge to indigent citizens of the state.
waiver.forfeiture,Late response forfeits the fee,jurisdiction_rules:fee_waiver.fee_forfeiture_on_late_response,MA,defers_to_city,,Discretion/Permission/Prohibition/Requirement,Statute,,MA-0038 MA-0040 MA-0041 MA-0042,"M.G.L. c. 66, § 10(d)(v) | M.G.L. c. 66, § 10(d)(vi) | M.G.L. c. 66, § 10(d)(vii) | M.G.L. c. 66, § 10(e)",https://malegislature.gov/Laws/GeneralLaws/PartI/TitleX/Chapter66/Section10,The RAO may waive or reduce a fee upon a showing that disclosure is in the public interest (likely to contribute significantly to public understanding of government and not primarily in the requestor's commercial interes
waiver.forfeiture,Late response forfeits the fee,jurisdiction_rules:fee_waiver.fee_forfeiture_on_late_response,MI,value_present,fixed,Discretion/Exception/Remedy/Requirement,,$20 | $20.00 | 5% | 50%,MI-0043 MI-0044 MI-0052 MI-0045 MI-0051,"Mich. Comp. Laws § 15.234(10) | Mich. Comp. Laws § 15.234(2) | Mich. Comp. Laws § 15.234(2)(a),(b) | Mich. Comp. Laws § 15.234(3)",https://www.legislature.mi.gov/Laws/MCL?objectName=MCL-15-234,A record search and copies must be furnished without charge for the first $20 of the fee for each request by a qualifying indigent individual (with affidavit) or by a state-designated developmental-disabilities/mental-il
waiver.forfeiture,Late response forfeits the fee,jurisdiction_rules:fee_waiver.fee_forfeiture_on_late_response,MN,silent,,,,,,,,
waiver.forfeiture,Late response forfeits the fee,jurisdiction_rules:fee_waiver.fee_forfeiture_on_late_response,MO,rule_without_value,fixed,Discretion/Requirement/Trigger,,,MO-0024 MO-0026 MO-0027,"§ 610.026.1(1), RSMo | § 610.026.2, RSMo",https://revisor.mo.gov/main/OneSection.aspx?section=610.026,A public body may waive or reduce the fees when it determines that waiver or reduction of the fee is in the public interest.
waiver.forfeiture,Late response forfeits the fee,jurisdiction_rules:fee_waiver.fee_forfeiture_on_late_response,NC,silent,,,,,,,,
waiver.forfeiture,Late response forfeits the fee,jurisdiction_rules:fee_waiver.fee_forfeiture_on_late_response,NE,rule_without_value,fixed,Discretion/Trigger,Statute,,NE-0022 NE-0016,Neb. Rev. Stat. § 84-712(1) | Neb. Rev. Stat. § 84-712(4),https://nebraskalegislature.gov/laws/statutes.php?statute=84-712,The custodian may waive or reduce any fee if the waiver or reduction would be in the public interest.
waiver.forfeiture,Late response forfeits the fee,jurisdiction_rules:fee_waiver.fee_forfeiture_on_late_response,NJ,silent,,,,,,,,
waiver.forfeiture,Late response forfeits the fee,jurisdiction_rules:fee_waiver.fee_forfeiture_on_late_response,NV,rule_without_value,,Exception/Permission,,,NV-0023 NV-0027,Nev. Rev. Stat. § 239.020 | Nev. Rev. Stat. § 239.052(2),https://www.leg.state.nv.us/nrs/nrs-239.html,A governmental entity may waive all or part of a copy fee if it adopts a written waiver policy and posts a legible sign or notice of the policy's terms at each office providing copies.
waiver.forfeiture,Late response forfeits the fee,jurisdiction_rules:fee_waiver.fee_forfeiture_on_late_response,NY,silent,,,,,,,,
waiver.forfeiture,Late response forfeits the fee,jurisdiction_rules:fee_waiver.fee_forfeiture_on_late_response,OH,silent,,,,,,,,
waiver.forfeiture,Late response forfeits the fee,jurisdiction_rules:fee_waiver.fee_forfeiture_on_late_response,OK,actual_cost_or_reasonable,,Permission/Prohibition,,,OK-0022 OK-0023 OK-0019,"Okla. Stat. tit. 51, § 24A.5(4)",https://www.oscn.net/applications/oscn/deliverdocument.asp?citeid=80292,"No search fee may be charged when release of the records is in the public interest, including release to news media, scholars, authors, and taxpayers seeking to determine whether officials are performing their duties."
waiver.forfeiture,Late response forfeits the fee,jurisdiction_rules:fee_waiver.fee_forfeiture_on_late_response,OR,value_present,fixed,Discretion/Trigger,,60 days,OR-0023 OR-0025,Or. Rev. Stat. § 192.324(5) | Or. Rev. Stat. § 192.329(3)(b),https://www.oregonlegislature.gov/bills_laws/ors/ors192.html,The custodian may furnish copies without charge or at a substantially reduced fee if it determines the waiver or reduction is in the public interest because making the record available primarily benefits the general publ
waiver.forfeiture,Late response forfeits the fee,jurisdiction_rules:fee_waiver.fee_forfeiture_on_late_response,PA,rule_without_value,,Permission,Statute,,PA-0043,65 P.S. § 67.1307(f),https://www.legis.state.pa.us/WU01/LI/LI/US/HTM/2008/0/0003..HTM,"An agency may waive duplication fees, including when the requester duplicates the record or when the agency deems it in the public interest to do so."
waiver.forfeiture,Late response forfeits the fee,jurisdiction_rules:fee_waiver.fee_forfeiture_on_late_response,SC,rule_without_value,fixed,Discretion/Exception/Prohibition,,,SC-0013 SC-0015 SC-0016,S.C. Code Ann. § 30-4-30(B),https://www.scstatehouse.gov/code/t30c004.php,Fees may not be charged for examination and review to determine if documents are subject to disclosure.
waiver.forfeiture,Late response forfeits the fee,jurisdiction_rules:fee_waiver.fee_forfeiture_on_late_response,TN,rule_without_value,,Discretion,Official Guidance,,TN-0036,OORC Schedule of Reasonable Charges § I.D,https://www.comptroller.tn.gov/content/dam/cot/orc/documents/oorc/policies-and-guidelines/ScheduleofReasonableCharges.pdf,"A records custodian may reduce or waive charges, in whole or in part, in accordance with the governmental entity's public records policy."
waiver.forfeiture,Late response forfeits the fee,jurisdiction_rules:fee_waiver.fee_forfeiture_on_late_response,TX,rule_without_value,,Permission/Requirement,Statute,,TX-0032 TX-0033,Tex. Gov't Code § 552.267(a) | Tex. Gov't Code § 552.267(b),https://statutes.capitol.texas.gov/Docs/GV/htm/GV.552.htm#552.267,The body must provide a copy without charge or at a reduced charge if it determines waiver/reduction is in the public interest because providing the copy primarily benefits the general public.
waiver.forfeiture,Late response forfeits the fee,jurisdiction_rules:fee_waiver.fee_forfeiture_on_late_response,UT,rule_without_value,,Discretion,Statute,,UT-0032,Utah Code § 63G-2-203(4),https://le.utah.gov/xcode/Title63G/Chapter2/63G-2-S203.html,"An entity may (and is encouraged to) fulfill a request without charge if release primarily benefits the public, the requester is the subject of/specified in the record, or the requester's legal rights are directly implic"
waiver.forfeiture,Late response forfeits the fee,jurisdiction_rules:fee_waiver.fee_forfeiture_on_late_response,VA,actual_cost_or_reasonable,,Exception,,,VA-0033,Va. Code § 2.2-3704(F),https://law.lis.virginia.gov/vacode/title2.2/chapter37/section2.2-3704/,The reasonable-charge fee provisions do not apply to scholastic records that must be made available under FERPA when requested by a parent or legal guardian of a minor student or by a student who is 18 or older.
waiver.forfeiture,Late response forfeits the fee,jurisdiction_rules:fee_waiver.fee_forfeiture_on_late_response,WA,rule_without_value,,Trigger,,,WA-0032,RCW 42.56.120(4),https://app.leg.wa.gov/RCW/default.aspx?cite=42.56.120,"If the requester fails to inspect, pay for, or claim an installment of a records request, the agency need not fulfill the balance of the request."
waiver.forfeiture,Late response forfeits the fee,jurisdiction_rules:fee_waiver.fee_forfeiture_on_late_response,WI,rule_without_value,,Discretion,Statute,,WI-0039,Wis. Stat. § 19.35(3)(e),https://docs.legis.wisconsin.gov/statutes/statutes/19/ii/35,An authority may provide copies without charge or at a reduced charge where it determines that waiver or reduction of the fee is in the public interest.
repeat,"Repeat / aggregated requests (carry-forward, aggregation threshold)",NOT IN ENGINE (requestor-ledger),AL,silent,,,,,,,,
repeat,"Repeat / aggregated requests (carry-forward, aggregation threshold)",NOT IN ENGINE (requestor-ledger),AZ,silent,,,,,,,,
repeat,"Repeat / aggregated requests (carry-forward, aggregation threshold)",NOT IN ENGINE (requestor-ledger),CA,silent,,,,,,,,
repeat,"Repeat / aggregated requests (carry-forward, aggregation threshold)",NOT IN ENGINE (requestor-ledger),CO,silent,,,,,,,,
repeat,"Repeat / aggregated requests (carry-forward, aggregation threshold)",NOT IN ENGINE (requestor-ledger),CT,silent,,,,,,,,
repeat,"Repeat / aggregated requests (carry-forward, aggregation threshold)",NOT IN ENGINE (requestor-ledger),FL,silent,,,,,,,,
repeat,"Repeat / aggregated requests (carry-forward, aggregation threshold)",NOT IN ENGINE (requestor-ledger),GA,silent,,,,,,,,
repeat,"Repeat / aggregated requests (carry-forward, aggregation threshold)",NOT IN ENGINE (requestor-ledger),ID,silent,,,,,,,,
repeat,"Repeat / aggregated requests (carry-forward, aggregation threshold)",NOT IN ENGINE (requestor-ledger),IL,silent,,,,,,,,
repeat,"Repeat / aggregated requests (carry-forward, aggregation threshold)",NOT IN ENGINE (requestor-ledger),IN,silent,,,,,,,,
repeat,"Repeat / aggregated requests (carry-forward, aggregation threshold)",NOT IN ENGINE (requestor-ledger),KS,silent,,,,,,,,
repeat,"Repeat / aggregated requests (carry-forward, aggregation threshold)",NOT IN ENGINE (requestor-ledger),LA,silent,,,,,,,,
repeat,"Repeat / aggregated requests (carry-forward, aggregation threshold)",NOT IN ENGINE (requestor-ledger),MA,silent,,,,,,,,
repeat,"Repeat / aggregated requests (carry-forward, aggregation threshold)",NOT IN ENGINE (requestor-ledger),MI,silent,,,,,,,,
repeat,"Repeat / aggregated requests (carry-forward, aggregation threshold)",NOT IN ENGINE (requestor-ledger),MN,silent,,,,,,,,
repeat,"Repeat / aggregated requests (carry-forward, aggregation threshold)",NOT IN ENGINE (requestor-ledger),MO,silent,,,,,,,,
repeat,"Repeat / aggregated requests (carry-forward, aggregation threshold)",NOT IN ENGINE (requestor-ledger),NC,silent,,,,,,,,
repeat,"Repeat / aggregated requests (carry-forward, aggregation threshold)",NOT IN ENGINE (requestor-ledger),NE,silent,,,,,,,,
repeat,"Repeat / aggregated requests (carry-forward, aggregation threshold)",NOT IN ENGINE (requestor-ledger),NJ,silent,,,,,,,,
repeat,"Repeat / aggregated requests (carry-forward, aggregation threshold)",NOT IN ENGINE (requestor-ledger),NV,silent,,,,,,,,
repeat,"Repeat / aggregated requests (carry-forward, aggregation threshold)",NOT IN ENGINE (requestor-ledger),NY,silent,,,,,,,,
repeat,"Repeat / aggregated requests (carry-forward, aggregation threshold)",NOT IN ENGINE (requestor-ledger),OH,silent,,,,,,,,
repeat,"Repeat / aggregated requests (carry-forward, aggregation threshold)",NOT IN ENGINE (requestor-ledger),OK,silent,,,,,,,,
repeat,"Repeat / aggregated requests (carry-forward, aggregation threshold)",NOT IN ENGINE (requestor-ledger),OR,silent,,,,,,,,
repeat,"Repeat / aggregated requests (carry-forward, aggregation threshold)",NOT IN ENGINE (requestor-ledger),PA,silent,,,,,,,,
repeat,"Repeat / aggregated requests (carry-forward, aggregation threshold)",NOT IN ENGINE (requestor-ledger),SC,silent,,,,,,,,
repeat,"Repeat / aggregated requests (carry-forward, aggregation threshold)",NOT IN ENGINE (requestor-ledger),TN,actual_cost_or_reasonable,floor,Calculation/Permission,Official Guidance,,TN-0038 TN-0039 TN-0040b,OORC Reasonable Charges for Frequent and Multiple Requests § I.C | OORC Reasonable Charges for Frequent and Multiple Requests § I.D | OORC Reasonable Charges for Frequent and Multiple Requests § II.A,https://comptroller.tn.gov/content/dam/cot/orc/documents/oorc/policies-and-guidelines/Frequent_and_Multiple_Requests.pdf,A governmental entity's policy shall specify the number of requests within a calendar month that triggers aggregation; that amount must be no lower than four (4) requests.
repeat,"Repeat / aggregated requests (carry-forward, aggregation threshold)",NOT IN ENGINE (requestor-ledger),TX,silent,,,,,,,,
repeat,"Repeat / aggregated requests (carry-forward, aggregation threshold)",NOT IN ENGINE (requestor-ledger),UT,silent,,,,,,,,
repeat,"Repeat / aggregated requests (carry-forward, aggregation threshold)",NOT IN ENGINE (requestor-ledger),VA,silent,,,,,,,,
repeat,"Repeat / aggregated requests (carry-forward, aggregation threshold)",NOT IN ENGINE (requestor-ledger),WA,silent,,,,,,,,
repeat,"Repeat / aggregated requests (carry-forward, aggregation threshold)",NOT IN ENGINE (requestor-ledger),WI,silent,,,,,,,,
